
> @erp/server@0.1.0 pretest:coverage
> node -e "require('node:fs').mkdirSync('coverage',{recursive:true})"


> @erp/server@0.1.0 test:coverage
> node --test --test-concurrency=1 --import ./test-support/testEnv.js --experimental-test-coverage --test-coverage-lines=92 --test-coverage-branches=83 --test-coverage-functions=90 --test-reporter=spec --test-reporter-destination=stdout --test-reporter=lcov --test-reporter-destination=coverage/lcov.info && node scripts/checkCoverageFloors.js

✔ a request that never reached a handler is not abandoned (0.847709ms)
✔ a handler that finished normally is not abandoned (0.07925ms)
✔ the response ending is not enough on its own (0.039125ms)
✔ an abort is not enough on its own either (0.031375ms)
✔ a timed-out handler that is still running is abandoned (0.037584ms)
✔ a destroyed response counts as ended (0.036792ms)
✔ abandonment listeners fire once, and completion clears them (0.6485ms)
✔ the unsubscribe handles come back from both subscriptions (0.057625ms)
✔ both subscriptions refuse anything that is not a function (0.222625ms)
✔ subscribing to a request that already completed fires immediately (0.210584ms)
✔ subscribing after the fact still fires (0.060916ms)
✔ the slot comes back the moment the request is abandoned (1.8405ms)
✔ a handler that settles inside the grace window is not a leak (40.93275ms)
✔ a handler still running after the grace window is reported as leaked (41.676041ms)
✔ a leaked handler that eventually settles is counted back down (41.707083ms)
✔ the abandoned request is not charged twice when its handler settles (0.299ms)
✔ shutdown does not wait for handlers that will never return (41.506583ms)
✔ enough leaked handlers takes the instance out of rotation (46.957208ms)
✔ an abandoned request has its service scope torn down (81.626625ms)
✔ the timeout middleware marks the request abandoned once the 504 is out (40.966875ms)
✔ a client that disconnects mid-flight abandons the request too (0.286542ms)
✔ a handler that hangs after sending its response is still caught (40.485791ms)
✔ a request that completes normally is never abandoned (21.43475ms)
✔ a settled handler releases the deadline, signal and all (41.531416ms)
✔ the abandonment settings are validated (0.346458ms)
✔ a grace window longer than the request budget fails startup (2.987125ms)
✔ assertRoleNotProtected refuses the protected role (0.7545ms)
✔ assertRoleNotProtected allows any other role (0.093125ms)
✔ newlyGrantedPermissions only returns what was added (0.584666ms)
✔ newlyGrantedPermissions is empty when nothing new is added (0.040542ms)
✔ newlyGrantedPermissions ignores what was removed (0.035625ms)
✔ newlyGrantedPermissions de-duplicates (0.037333ms)
✔ assertNoPermissionEscalation allows granting a subset of the actor's own permissions (0.06575ms)
✔ assertNoPermissionEscalation allows granting nothing (0.032458ms)
✔ assertNoPermissionEscalation denies a permission the actor does not hold (0.06875ms)
✔ assertNoPermissionEscalation denies self-assigning system-admin with only user.mgmt (0.051375ms)
✔ protected system-admin may delegate only Customer bank permissions it does not hold (0.041375ms)
✔ ordinary admin may not delegate Customer bank permissions it does not hold (0.037167ms)
✔ protected system-admin exception does not cover unrelated permissions (0.060125ms)
✔ protected system-admin may not use the delegation exception on itself (0.038167ms)
✔ assertNoPermissionEscalation allows system-admin to grant anything (0.03725ms)
✔ wouldRemoveLastActiveAdmin is false for someone who was never an admin (0.034334ms)
✔ wouldRemoveLastActiveAdmin is false when the admin role is kept (0.027875ms)
✔ wouldRemoveLastActiveAdmin is false when another active admin exists (0.051125ms)
✔ wouldRemoveLastActiveAdmin is true for the last admin losing the role (0.036208ms)
✔ assertLastActiveAdminPreserved throws LAST_ADMIN_PROTECTED for the last admin (0.04875ms)
✔ assertLastActiveAdminPreserved allows it when a backup admin exists (0.027542ms)
✔ assertPermissionsCurrent allows a match regardless of order (0.05575ms)
✔ assertPermissionsCurrent rejects a revoked permission (0.0395ms)
✔ assertPermissionsCurrent rejects an added permission too (0.154875ms)
✔ assertPermissionsCurrent rejects a role change even if permissions coincidentally match (0.040167ms)
✔ API definitions inherit secure defaults from configuration (1.470958ms)
✔ Handler API metadata overrides arrays and merges supported nested defaults (0.202083ms)
✔ API definition resolution rejects missing and unknown Handler metadata (0.2975ms)
✔ dispatcher invokes a configured public API (42.5705ms)
✔ dispatcher validates request schemas before invoking the handler (18.436417ms)
✔ errorHandler redacts sensitive query values before logging the URL (7.003917ms)
✔ JWT APIs reject missing tokens and accept valid tokens (9.155541ms)
✔ dispatcher blocks handler output that violates its response schema (4.582209ms)
✔ dispatcher prevents handlers from bypassing the response contract (4.487667ms)
✔ dispatcher returns a generic 401 for APIs missing from registered definitions (1.471542ms)
✔ dispatcher accepts newly registered authentication strategies (4.719375ms)
✔ request context remains available across asynchronous handler work (4.721208ms)
✔ authorization policies accept role options from API config (4.851666ms)
✔ versioned deprecated APIs publish lifecycle headers (4.046875ms)
✔ registering idempotency on an unauthenticated route is surfaced at startup (5.440792ms)
✔ idempotency replays successful responses and rejects key reuse with new input (8.801958ms)
✔ API config rejects route syntax that Express 5 removed (0.374916ms)
✔ API config rejects routes that Express would treat as the same path (0.215334ms)
✔ an upload budget the instance cannot afford stops startup (7.770208ms)
✔ an ApplicationError's publicDetails, not just details, reaches the HTTP response body (3.489416ms)
✔ application factory validates configuration before creating the MySQL database pool (10.43675ms)
✔ application factory shuts down container services when setup fails (53.459708ms)
✔ application factory builds a startable and stoppable API with injected resources (562.846166ms)
✔ responses that short-circuit the request still carry CORS headers (394.6235ms)
✔ the application factory does not itself require the scheduler (350.734666ms)
✔ business handlers and auth strategies are auto-discovered from implementations (14.968125ms)
✔ application creation fails and cleans up when an eager service cannot initialize (3.816459ms)
✔ constructor requires database, logger and time (0.760916ms)
✔ record writes every field, defaulting reason and detail (1.275625ms)
✔ record writes the caller's requestId and ip instead of the empty-string default (0.0685ms)
✔ record keeps the reason text verbatim (0.04925ms)
✔ record serializes detail as JSON (0.092667ms)
✔ record uses the connection it was given, not the constructor's database (0.069375ms)
✔ record truncates a detail payload larger than 4KB and warns (0.113166ms)
✔ record keeps a detail payload right at the 4KB boundary untouched (0.067708ms)
✔ login issues a token carrying the roles and permissions claims (2.728959ms)
✔ an approved device is verified with the stored key, never the one in the request (0.281041ms)
✔ an unknown device is recorded for approval and told so, not told the login failed (0.324709ms)
✔ rejected and revoked devices get their own codes, not the pending one (0.185583ms)
✔ a wrong password never reaches the device check (0.096083ms)
✔ a failed signature says nothing specific publicly but records why in the log (1.971833ms)
✔ a clock skew rejection is told apart, because only the user can fix that one (0.16175ms)
✔ missing device headers are refused before anything is looked up (0.133666ms)
✔ a malformed nonce is refused up front, not carried into the database (0.255958ms)
✔ a first-time device that sends no public key is refused, not crashed on (0.081041ms)
✔ a binding request without a label or client details still records cleanly (2.019833ms)
✔ a first-time device must prove the id really is its own key's thumbprint (0.13075ms)
✔ login vs concurrent device revoke: a revoke that lands before the device check fails the login closed (0.118042ms)
✔ login vs concurrent device revoke: a revoke that lands after the device check ships a token already stale, not a resurrected one (0.099875ms)
✔ login answers every failure with the same message, except an expired temporary password (1.109042ms)
✔ login gives an expired temporary password its own actionable message (0.073625ms)
✔ login records the real failure reason in the log (0.972292ms)
✔ login never puts the password in the log context (0.189083ms)
✔ login throttles repeated requests from the same client IP (0.432ms)
✔ login throttle tracks each client IP independently (0.280666ms)
✔ logout revokes every token for the subject (0.097167ms)
✔ me reads the current database state rather than the token claims (0.076625ms)
✔ me rejects a valid token whose account no longer exists (0.050292ms)
✔ refresh issues a new token with freshly read roles and the current version (0.179625ms)
✔ refresh never reports a negative session remainder, even right on the boundary (0.044458ms)
✔ a disabled account cannot refresh, which is what ends its session (0.049667ms)
✔ refresh vs concurrent logout: a logout that lands mid-refresh is not outrun (1.447ms)
✔ refresh vs concurrent device revoke: the version check catches what the strategy's already-issued snapshot cannot (0.136625ms)
✔ auth routes declare the access they need (0.050125ms)
✔ login response schema does not leak the password hash (0.029375ms)
✔ auth strategies are collected from the service container (2.178708ms)
✔ the registry ignores container entries that are not strategies (0.183875ms)
✔ the registry rejects duplicate auth types (0.340333ms)
✔ the registry rejects an invalid static authType (0.126333ms)
✔ the registry validates the returned auth contract (0.203666ms)
✔ strategy shutdown is driven by the container, not the registry (0.247709ms)
✔ a strategy must declare a static authType (0.229125ms)
✔ parameterized permission policy reads permissions from JWT claims (1.061375ms)
✔ authenticated is judged by having claims, not by which strategy produced them (0.0925ms)
✔ authorization policy options are rejected during startup validation (0.093334ms)
✔ 每種 GTIN 類型：合法 check digit 通過，正規化後回傳純數字 (0.74625ms)
✔ GTIN：移除空格與連字號之後再驗證，不是直接拒絕 (0.054625ms)
✔ GTIN：長度不對就拒絕，不會被誤判成別種類型 (0.56575ms)
✔ GTIN：check digit 錯誤就拒絕 (0.074125ms)
✔ GTIN：移除空格連字號之後仍有非數字字元就拒絕，包含 Unicode 全形數字 (0.094042ms)
✔ internal：trim 首尾空白，接受任意非控制字元（包括Unicode） (0.062041ms)
✔ internal：拒絕空字串、控制字元，以及超過 190 字元；一般空白（非首尾）唔算控制字元 (0.09725ms)
✔ default routes keep successful bodies out of the request log (106.46675ms)
✔ a route that opts in records full bodies end to end (16.095167ms)
✔ a validation failure does not spill the submitted body into the log (14.9695ms)
✔ a server error records the body, because that is what cannot be reproduced (12.178459ms)
✔ lowering the threshold to 400 is available to anyone who needs it (14.820208ms)
✔ the shipped default keeps 4xx bodies out of the log (0.142667ms)
✔ TC-020 v1 consumer provider returns minimal stable projections without admin permission input (1.944125ms)
✔ TC-020 active/new-assignment and inactive/history semantics are stable for every consumer (0.803125ms)
✔ TC-020 payment snapshots preserve rule/version and cover calendar/manual results (0.11175ms)
✔ TC-020 the registered Supplier-owned checker replaces only its conservative readiness boundary (1.042791ms)
✔ TC-020 all six absent consumer modules report explicit NOT_INSTALLED, never an unknown success (0.209584ms)
✔ TC-020 the registered Customer checker reports Currency defaults without exposing Customer records (0.300833ms)
✔ TC-020 an installed consumer without its real checker fails closed (0.23775ms)
✔ TC-020 no module outside Business Master writes a shadow Currency or Payment Term catalog (22.321708ms)
✔ TC-003 currency create validates, writes through a transaction, and records allowlisted audit (1.182416ms)
✔ TC-004 a failed currency compare-and-swap surfaces VERSION_CONFLICT without success audit (0.33025ms)
✔ TC-004 mutation revalidates the actor at commit point and rejects lifecycle no-op (0.189625ms)
✔ TC-014 rejected high-risk deactivation records a separate rejected audit without a mutation (0.477458ms)
✔ TC-005 payment term create normalizes identity and persists a valid conditional rule (0.744083ms)
✔ TC-008 calculates against the requested current payment term version (0.729291ms)
✔ TC-009 impact confirmation is actor-bound, expiring, drift-sensitive, and fail closed (1.10575ms)
✔ TC-009 impact preview rejects operation and proposed-change mismatches before running checkers (0.185292ms)
✔ TC-010 provider separates active selection, history, and transaction-aware revalidation (0.322292ms)
✔ TC-012 admin routes enforce view/mgmt permission boundaries (0.65775ms)
✔ TC-013 all request object schemas are strict and protected fields have no PATCH path (0.626416ms)
✔ TC-015 every non-GET Business Master route enables framework idempotency (0.088292ms)
✔ TC-012 real HTTP authentication and authorized admin flow (850.936583ms)
✔ TC-001 creates sole-owner tables, seeds two permissions, and only HKD catalog data (1.509458ms)
✔ TC-001 rejects an incompatible adopted table before issuing DDL or seed writes (0.261667ms)
✔ TC-001 rejects an adopted Payment Term table with compatible names but incompatible types (0.159541ms)
✔ TC-001 real MySQL migration has exact HKD and no Payment Term seed (10.811542ms)
✔ TC-015 real MySQL readiness recognizes information_schema aliases (4.792458ms)
✔ TC-003 real MySQL prefix search treats wildcard characters literally (1.445125ms)
✔ TC-004 real MySQL concurrent CAS has one winner and one atomic audit (6.580584ms)
✔ TC-014 unique conflict and audit failure leave no partial Payment Term (5.020709ms)
✔ TC-011 provider locks and revalidates current Active state (3.018666ms)
✔ TC-002 accepts official uppercase currencies and rejects aliases or private codes (1.453292ms)
✔ TC-005 payment term codes use NFKC, trim, collapse whitespace, and uppercase (0.260459ms)
✔ TC-006 validates the complete payment term type and dueDays decision table (0.193792ms)
✔ TC-007 calculates calendar due dates without local timezone drift (0.687375ms)
✔ TC-015 readiness reports the provider contract, schema, HKD, permissions, and checker registry (1.397166ms)
✔ TC-015 eager Business Master service registers provider and fails startup when readiness is not READY (0.351541ms)
✔ TC-003 list query keeps user search and sort values out of SQL (0.831375ms)
✔ TC-004 currency CAS updates only allowlisted columns and returns mapped projection (0.658542ms)
✔ TC-014 audit insert contains only the explicit catalog snapshots and hashed idempotency key (0.186875ms)
✔ Supplier selectors expose only Business Master active values (1.29125ms)
✔ historical Supplier references can resolve inactive master records (0.083459ms)
✔ Supplier writes revalidate required currency and optional payment term on the caller transaction (0.130625ms)
✔ Supplier Core fails closed when Business Master readiness is not READY (0.220625ms)
✔ API versioning accepts a well-formed config and defaults enabled to true (1.502167ms)
✔ API versioning can be switched off but still validates its values (0.218833ms)
✔ API versioning rejects every malformed defaultVersion (0.097167ms)
✔ API versioning rejects a supportedVersions list it cannot rely on (0.104292ms)
✔ API versioning rejects a default that is not in the supported list (0.081292ms)
✔ API versioning rejects a response header name that is not a header name (0.084334ms)
✔ API versioning treats a missing config as a malformed one (0.063208ms)
✔ download config keeps root optional for buffers but normalizes a configured root (0.151125ms)
✔ download config rejects a root that cannot define a directory (0.079125ms)
✔ security config normalizes a valid CORS allowlist (0.190083ms)
✔ security config refuses to run without a real CORS allowlist (0.076125ms)
✔ security config rejects an origin that is not an http origin (0.090375ms)
✔ security config validates the JSON body limit format (0.446875ms)
✔ trustProxy defaults to trusting nothing (0.088792ms)
✔ trustProxy still refuses true, however it is written (0.062958ms)
✔ trustProxy accepts a hop count for a single ingress path (0.059875ms)
✔ trustProxy accepts trusted addresses, which hop counts cannot express (2.164292ms)
✔ trustProxy entries are parsed, not passed through (1.040291ms)
✔ security config validates the CORS max age (0.093ms)
✔ security config opt-outs require an explicit false, and opt-ins an explicit true (0.047209ms)
✔ application config requires a host (0.08375ms)
✔ application config rejects a time zone the platform does not know (7.426666ms)
✔ application config keeps the port inside the range a port can have (0.146208ms)
✔ application config rejects non-positive timeouts (1.148541ms)
✔ request validation config defaults are the permissive-input ones (0.067166ms)
✔ request validation booleans need an explicit true to turn on (0.030208ms)
✔ request validation can be disabled outright (0.031792ms)
✔ request validation rejects a maxErrors that cannot cap anything (0.066459ms)
✔ response validation stays on in production unless explicitly turned off (0.065083ms)
✔ response validation falls back to the process environment (0.048084ms)
✔ response validation rejects a maxErrors that cannot cap anything (0.053792ms)
✔ response validation tolerates a missing config block (0.029958ms)
✔ handler services expose the injected dependencies by their service names (0.182209ms)
✔ handler services accept extra values but not a non-object custom map (0.079834ms)
✔ handler services refuse to build without context or time (0.082042ms)
✔ every way of viewing a secret yields [REDACTED] (1.336416ms)
✔ coercing a secret to a string throws instead of yielding a placeholder (0.234625ms)
✔ normalized config wraps the jwt secret and the database password (0.262792ms)
✔ normalizing an already-normalized config does not double-wrap or throw (0.052959ms)
✔ secret validation still runs on the unwrapped value (0.068583ms)
✔ the jwt service still signs and verifies through the wrapper (1.615291ms)
✔ the connection pool receives a plain password, not the wrapper (0.090333ms)
✔ mySqlPoolOptions passes mysql2 exactly the keys it understands, nothing more (0.642375ms)
✔ every logger profile redacts the same sensitive field names (0.392959ms)
✔ a service does not carry the application config into serialized output (0.075959ms)
✔ global configuration validation normalizes every configuration section (10.838042ms)
✔ logging configuration accepts additional named logger profiles (0.355042ms)
✔ production response validation is secure by default and can be explicitly disabled (0.286875ms)
✔ API defaults inherit the merged versioning default (0.160083ms)
✔ global configuration validation reports errors from multiple sections (0.325166ms)
✔ Customer and Supplier bank capabilities use the same owner-separated key rings (0.511542ms)
✔ Customer attachment orphan cleanup grace exceeds the complete request budget (0.323125ms)
✔ every environment requires JWT_SECRET, not just production (0.56325ms)
✔ configuration ships no fallback JWT secret (0.189542ms)
✔ 開頭係 =／+／-／@ 就前面加單引號，等試算表當純文字唔會執行做公式 (0.656833ms)
✔ 開頭係 tab／CR 都算觸發字元 (0.049792ms)
✔ 普通字串（包括中間有呢幾隻字元）原樣返回 (0.039292ms)
✔ 空字串、null、undefined、非字串原樣返回，唔會拋錯 (0.034625ms)
✔ Customer activation request schema requires the generated one-pending slot and exact unique index (1.016708ms)
✔ Customer approval submit and withdraw routes use management authority, closed schemas and idempotency (1.360041ms)
✔ approval submit locks settings then Customer, records an immutable safe snapshot and moves Draft to pending (2.094ms)
✔ approval submit rejects self, disabled and unauthorized approvers before changing Customer state (0.437417ms)
✔ concurrent second submit is a stable conflict and never changes Customer state (0.540792ms)
✔ withdraw is scoped to the Customer and only the requester can return the pending request to Draft (0.239958ms)
✔ critical edits invalidate the only pending request and return the locked Customer to Draft (0.139125ms)
✔ TC-034 approval locks Customer before request, revalidates the currency, and permits one outcome (0.830083ms)
✔ TC-037 a current approval holder can reassign but never to the requester (0.382917ms)
✔ TC-036 reassign replays its durable Customer operation outcome (0.112459ms)
✔ TC-036 approval replay returns its original terminal outcome after a later lifecycle change (0.125541ms)
✔ Customer attachment access tokens are signed, actor/file bound and expire (5.909958ms)
✔ sensitive upload binding covers the file and all submitted metadata (0.230542ms)
✔ TC-055/056 Customer attachment routes declare strict auth, upload and download contracts (1.205792ms)
✔ TC-056 attachment downloads set safe headers and honor one bounded byte range (0.27975ms)
✔ Customer attachment migration creates the durable recovery and ownership constraints (0.825916ms)
✔ Customer attachment schema inspector accepts absence and rejects partial schemas (0.236875ms)
✔ Customer attachment recovery job is bounded, cluster-scoped and safe when the capability is disabled (1.2805ms)
✔ Customer attachment upload performs storage work outside transactions and commits processing before active (2.901083ms)
✔ Customer attachment upload records storage_error when atomic finalize fails (0.469417ms)
✔ Customer attachment upload enforces sensitive permissions before touching storage (0.146792ms)
✔ Customer attachment upload distinguishes rejected content from scanner or storage outage (0.240541ms)
✔ Customer attachment upload does not publish a finalized object after permission revocation (0.1615ms)
✔ Customer attachment upload discards staged data when metadata commit is rejected (0.138292ms)
✔ Customer attachment upload replays an active durable operation without touching storage (0.070708ms)
✔ Customer attachment upload exposes a failed durable operation as terminal conflict (0.072834ms)
✔ Customer attachment recovery performs file recovery outside its short CAS transaction (0.281917ms)
✔ Customer attachment recovery cleans a bounded durable stage outside its transaction (0.241042ms)
✔ Customer attachment recovery releases a stale stage when attachment metadata exists (0.114958ms)
✔ Customer attachment recovery retains its durable stage when temp deletion fails (0.103125ms)
✔ Customer attachment recovery fails abandoned durable operations without attachment metadata (0.141583ms)
✔ Customer attachment recovery rechecks metadata under the operation lock before failing it (0.072458ms)
✔ Customer attachment list hides every sensitive metadata field without bank.view (0.24475ms)
✔ Customer attachment failure audits are owner-safe and contain no attachment metadata (0.185792ms)
✔ Customer attachment read commits its audit before opening general content (0.172292ms)
✔ Sensitive attachment sessions are audited once and bound before file reads (0.162708ms)
✔ Customer attachment delete marks and audits before deleting bytes, then removes metadata (0.185959ms)
✔ Customer attachment delete retry never removes metadata when physical deletion fails (0.092ms)
✔ Customer attachment stage migration creates a bounded durable cleanup queue (0.780542ms)
✔ Customer attachment stage migration rejects a unique recovery index (0.2545ms)
✔ Customer attachment storage validates, scans, encrypts and finalizes without plaintext on disk (7.860125ms)
✔ Customer attachment storage rejects unsafe types and failed scans before writing (1.297083ms)
✔ Customer attachment storage idempotently deletes its controlled temp object (1.942667ms)
✔ Customer attachment recovery finalizes a valid temp object and rejects tamper or symlink (2.454041ms)
✔ Customer attachment storage rejects a symlinked configured root (0.884292ms)
✔ TC-009 creates the append-only Customer audit table with investigative indexes (0.837ms)
✔ TC-009 rejects an incompatible adopted audit table before issuing DDL (0.242583ms)
✔ TC-009 writes only allowlisted, bounded audit detail through the caller transaction (0.75825ms)
✔ TC-009 fails the business transaction when an audit detail exceeds its bounded representation (0.138583ms)
✔ Customer bank crypto round-trips with random IV and owner/context-bound AAD (2.431166ms)
✔ Customer bank AAD framing is injective for every JavaScript string (0.204209ms)
✔ Customer bank blind indexes normalize formatting and cover every lookup key (1.122334ms)
✔ Customer bank crypto rejects unusable direct key rings and redacts inspection (0.30625ms)
✔ Customer bank masking never reveals a complete short account (0.055584ms)
✔ Customer cross-owner confirmation tokens bind actor, target, normalized scope and expiry (0.335542ms)
✔ Customer bank routes enforce exact step-up authentication and permission policies (1.185208ms)
✔ Customer masked Bank response schemas structurally exclude plaintext and crypto metadata (0.113667ms)
✔ every Customer Bank schema is deeply frozen (0.12775ms)
✔ Customer bank encryption rotation rewrites an old-key row and emits counts-only audit (2.884417ms)
✔ Customer bank reindex refuses a duplicate instead of overwriting it (0.72375ms)
✔ Customer bank maintenance CLI requires a bounded batch and an explicit reason (1.433375ms)
✔ Customer bank maintenance CLI fails before database access when shared bank key rings differ (103.471041ms)
✔ Customer bank schema inspector accepts absence and rejects plaintext or partial schemas (0.88425ms)
✔ Customer bank masked list never selects or returns cryptographic material (1.419875ms)
✔ Customer bank create requires a bound token for a cross-Customer duplicate (1.746083ms)
✔ Customer bank duplicate confirmation rejects replay under a different actor or target (0.326875ms)
✔ Customer bank mutations hide cross-owner rows and re-check fresh permissions (0.244958ms)
✔ Customer bank update translates a raced same-owner duplicate to the stable public conflict (0.392166ms)
✔ Customer bank create rejects an inactive account currency through Business Master (0.127375ms)
✔ Customer bank reveal commits its audit before returning plaintext (0.323375ms)
✔ Customer Business Master impact checker reports NOT_INSTALLED when the Customer table is absent (1.3185ms)
✔ Customer Business Master impact checker counts current defaults and produces a stable Currency watermark (0.486ms)
✔ Customer Business Master impact checker uses the Payment Term key without exposing Customer data (0.109667ms)
✔ Customer classification catalog routes have fixed catalog enums, closed schemas and high-risk writes (1.39125ms)
✔ Customer catalog lists active values by default and permits includeInactive only to settings holders (1.214416ms)
✔ Customer catalog creates, updates and deactivates only fixed catalog tables with CAS audit (0.622958ms)
✔ Customer catalog rejects unknown catalog values and stale writes without an audit (0.217875ms)
✔ Clamd scanner sends bounded INSTREAM frames and accepts only an explicit clean response (2.264875ms)
✔ Clamd response parsing distinguishes malware and fails closed on scanner errors (0.241333ms)
✔ Clamd scanner rejects a connection closed before a complete response (0.232ms)
✔ TC-003 creates only Customer-owned classification catalogs with no invented seed data (1.604166ms)
✔ TC-003 rejects an incompatible adopted Customer classification table before issuing DDL (0.260458ms)
✔ TC-003 recognizes a compatible adopted catalog shape (0.215792ms)
✔ TASK-017 completeness uses the authoritative Currency status and child defaults (1.399625ms)
✔ Customer bank and import capabilities are disabled when their config is absent (1.527417ms)
✔ Customer attachment config requires isolated absolute roots, encryption and scanner (0.941292ms)
✔ Customer config validates independent key rings and redacts their material (0.836167ms)
✔ Customer config fails closed for incomplete or unusable key rings (0.19525ms)
✔ TC-022 get distinguishes no row from configured null, zero and on_hold (1.458125ms)
✔ TC-022/024 first save requires version null, preserves decimal strings and audits without notes (1.122083ms)
✔ TC-023 rejects negative, imprecise and amount-without-currency values before any write (0.376667ms)
✔ TC-023 maps inactive or missing Business Master currency to the stable credit error (0.12025ms)
✔ TC-022 an update that cannot read private credit notes preserves them (0.128333ms)
✔ TC-024 clear uses policy CAS, removes the optional row and retains a redacted before audit (0.179709ms)
✔ TC-024 concurrent first-save loser receives VERSION_CONFLICT without a second audit (0.095167ms)
✔ Customer equality-key foundation migration creates only the minimal additive customers table (0.757042ms)
✔ Customer export handlers are owner-facing management routes with strict inputs (1.208791ms)
✔ Customer export create forwards the durable idempotency key and excludes the password (0.148542ms)
✔ Customer export migration creates owner-scoped durable result jobs without a purge path (0.922792ms)
✔ Customer export streams the allowlisted filtered projection and publishes one durable result (2.42375ms)
✔ Customer export enforces the approved row bound before publishing (0.4285ms)
✔ Customer export fails instead of publishing when 101-row paging drifts (0.206792ms)
✔ Customer export recovery converges staged, finalized and missing registered results (0.724834ms)
✔ Customer export recovery ignores a stale scan after an idempotent retry registers the result (0.168708ms)
✔ Customer export detail is owner scoped without revealing another actor's job (0.174791ms)
✔ Customer export download reads outside transactions, audits, and returns 410 after expiry (0.367833ms)
✔ TC-012 Customer root APIs use strict schemas, route permissions and framework idempotency (1.859583ms)
✔ TC-021 creates globally unique, owner-scoped Customer identifiers (0.769667ms)
✔ TC-021 refuses to adopt an incompatible identifier table (0.221041ms)
✔ TC-022 creates the optional credit policy with exact DECIMAL and restrictive Currency FK (0.128542ms)
✔ TC-022 refuses to adopt an incompatible credit policy table (0.076208ms)
✔ TC-022 rejects a credit Currency column whose collation cannot support the Business Master FK (0.10375ms)
✔ TC-006/021 identifier create applies approved type separators and keeps sensitive values out of audit detail (2.328208ms)
✔ TC-021 identifier update scopes owner, uses CAS and maps the database race to a generic conflict (0.529916ms)
✔ TC-018/021 identifier update returns not found for a child owned by another Customer (0.152167ms)
✔ TC-021 identifier update succeeds with owner CAS and redacted before/after audit (0.173667ms)
✔ TC-021 identifier validation rejects unknown types and invalid expiry before a transaction (0.129541ms)
✔ Customer import v1 template is versioned, documented and excludes sensitive fields (0.909167ms)
✔ Customer import handlers enforce management permissions and strict schemas (1.205958ms)
✔ Customer import route contract keeps static template ahead of parameter detail (0.055209ms)
✔ Customer import confirm forwards the durable idempotency key (0.114084ms)
✔ Customer import migrations create durable job and row recovery state (1.082833ms)
✔ Customer import schema inspectors accept absence and reject partial schemas (0.311833ms)
✔ Customer import schema inspectors accept the exact adopted schema (0.251667ms)
✔ Customer CSV precheck streams RFC4180/BOM input and never writes Customer data (7.237ms)
✔ Customer CSV precheck emits bounded normalized batches without retaining all rows (4.549291ms)
✔ Customer CSV precheck skips the template description and example rows (2.365667ms)
✔ Customer CSV precheck rejects invalid UTF-8, duplicate, unknown and oversized input deterministically (4.860291ms)
✔ Customer CSV precheck validates its public boundary and propagates row consumers (2.005875ms)
✔ Customer CSV reserved sensitive headers invalidate rows without retaining values (1.212083ms)
✔ Customer CSV precheck enforces row limits and update child restrictions (2.410417ms)
✔ Customer CSV precheck reports duplicate warnings, identifier conflicts and inactive references (1.98275ms)
✔ Customer CSV precheck reports malformed row fields and conflicting update targets (3.29325ms)
✔ Customer CSV precheck classifies lookup, warning and partial-credit edge cases (3.28425ms)
✔ Customer import rejects invalid public-operation boundaries before I/O (2.817791ms)
✔ Customer import upload commits recoverable metadata before private storage and activates it after finalize (1.700458ms)
✔ Customer import precheck persists only import rows and summary under its lease (0.411792ms)
✔ Customer import validation claim includes expired leases but only active sources (0.188ms)
✔ Customer import validation claims and precheck leases fail closed at every stale boundary (0.202541ms)
✔ Customer import upload marks durable storage failure and operation failure (0.225ms)
✔ Customer import precheck records safe job-level failures without row inserts (0.118083ms)
✔ Customer import list and detail expose paged safe projections (0.176417ms)
✔ Customer import detail and result download distinguish missing, invalid and not-ready state (0.195209ms)
✔ Customer import upload replay returns only an active durable job (0.159417ms)
✔ Customer import confirm snapshots approval policy and queues once (0.266084ms)
✔ Customer import confirm rejects stale replay, policy and approver state (0.406917ms)
✔ Customer import cancel rejects running work and closes queued work (0.136083ms)
✔ Customer import execution applies one row and its terminal marker in one transaction (0.228792ms)
✔ Customer import commit-unknown reconciliation never replays an applied row (0.132084ms)
✔ Customer import finalization publishes only a safe row result before completing the job (0.514167ms)
✔ Customer import finalization fails closed when confirmer permission is revoked after result finalize (0.135542ms)
✔ Customer import execution claim skips invalid rows and fails closed after permission revocation (0.147125ms)
✔ Customer import execution workers reject stale claims before applying a row (0.294625ms)
✔ Customer import row failure rolls back the aggregate then records a safe terminal error (0.147708ms)
✔ Customer import result download is audited and expired files return 410 (0.15675ms)
✔ Customer import file recovery finalizes durable files or records explicit storage errors (0.325292ms)
✔ Customer import storage stages and atomically finalizes a hash-bound private source (8.749083ms)
✔ Customer import storage enforces expected hashes and idempotent staged cleanup (2.310375ms)
✔ Customer import storage streams and atomically finalizes a safe result (2.39575ms)
✔ Customer import storage rejects tamper, traversal names and symlink roots (2.426666ms)
✔ Customer import config bounds import capacity and keeps roots separate (0.530875ms)
✔ Customer import precheck worker records deterministic source failures and releases the job (1.673416ms)
✔ Customer import precheck worker persists bounded batches before final summary (8.053ms)
✔ Customer import precheck worker is idle when no job is claimable (0.097791ms)
✔ Customer import worker runs execution rows to a finalized result and keeps recovery bounded (1.507583ms)
✔ Customer import worker stays idle when disabled, aborted or without a claimed job (0.094584ms)
✔ TC-011 approval OFF activates Draft atomically and records first activation (1.106166ms)
✔ TC-011 approval ON submits the locked Draft through the approval aggregate (0.130291ms)
✔ TC-011 approval activation replay returns the original approval request outcome (0.627875ms)
✔ TC-011 direct activation replay returns the original Customer outcome (0.075209ms)
✔ TC-011 approval OFF rejects a superfluous approver before changing status (0.247375ms)
✔ TC-011 lifecycle only allows named transitions and archive/delete fail closed on unknown references (0.35925ms)
✔ TC-032 reference checks finish before the Customer row is locked (0.123209ms)
✔ TC-011 lifecycle commands bind a durable password-free outcome (0.096667ms)
✔ TC-011 lifecycle CAS rejects a stale command without an audit or state change (0.089792ms)
✔ TC-011 restore never restores an Archived Customer straight to Active (0.057458ms)
✔ TC-038 block requires current approval permission and unblocks only to Suspended (0.09725ms)
✔ TC-011 code correction is versioned, audited, and only available as a named command (0.285208ms)
✔ TC-011 create with activation approval enabled creates one pending aggregate (0.546417ms)
✔ TC-060 import create applies children, credit and the confirmed approval snapshot in one transaction (0.533667ms)
✔ TC-060 import update preserves omitted fields and uses the precheck Customer version (0.215667ms)
✔ TC-027 rejects an unknown purpose before querying and exposes the versioned contract (0.925583ms)
✔ TC-027 new_sale is Active-only while history returns the same minimal immutable projection (0.674917ms)
✔ TC-027 purpose matrix rejects non-Active Customers only for new transactions (0.115334ms)
✔ TC-027 findByCode uses the canonical equality key and listActive is bounded and stable (0.451041ms)
✔ TC-027 listActive accepts legal-name searches longer than the Customer code limit (0.099209ms)
✔ TC-027 credit lookup preserves absent, zero and on-hold semantics without notes (0.139041ms)
✔ TC-018 and TC-027 address lookup returns only active owned purpose rows and safe fields (0.131125ms)
✔ TC-018 transaction-aware address assertion is owner-scoped, active-purpose checked and version safe (0.222041ms)
✔ TC-018 contact assertion uses the same safe absent response for missing and cross-owner records (0.171166ms)
✔ Customer Code：顯示值只 trim，而 equality key 做 NFKC 與 locale-independent lowercase (1.303625ms)
✔ Customer Code：拒絕空白、控制字元及超過 64 個 code points 的值 (0.226625ms)
✔ Legal Name：NFKC、Unicode whitespace collapse 與 lowercase 僅影響 equality key (0.141625ms)
✔ Legal Name：保留標點與公司後綴，避免過度合併 (0.047958ms)
✔ Legal Name：拒絕空白、控制字元及超過 190 個 code points 的值 (0.075625ms)
✔ Trading Name 使用同一名稱 key，但空白值以 null key 表示且不參與唯一性 (0.056167ms)
✔ Identifier：沒有 type-specific 規則時只 collapse spaces；已批准的空格／連字號才移除 (0.08575ms)
✔ TC-010 creates the durable Customer operation table with actor-scoped idempotency (0.879625ms)
✔ TC-010 reuses only a matching actor-scoped operation payload (0.816084ms)
✔ TC-011 accepts the approved high-risk lifecycle route keys (0.130875ms)
✔ TC-012 creates a Draft Customer, audit event and durable result in one transaction (0.854833ms)
✔ TC-018 creates party ownership and database-enforced single-purpose defaults (1.159458ms)
✔ TC-018 rejects an incompatible adopted party table before DDL (0.293708ms)
✔ TC-018 locks the Customer then clears same-purpose defaults before inserting an address mapping (1.489667ms)
✔ TC-019 update scopes the child by both customer and id, replaces purposes and uses CAS (0.898708ms)
✔ TC-020 deactivate clears defaults and rejects a child owned by another Customer as not found (0.338708ms)
✔ TC-020 rejects duplicate and unknown purposes before opening a transaction (0.286125ms)
✔ TC-020 validates party field limits and formats before opening a transaction (0.393834ms)
✔ TC-020 rejects repeated deactivation without changing version or audit (0.136125ms)
✔ Customer permissions are explicit and route policies require the intended sets (1.303291ms)
✔ Customer permission seed grants system-admin only the four non-bank permissions (0.297417ms)
✔ Customer permission seed converges when rerun (0.30425ms)
✔ Customer summary is a stable allowlist with no internal or sensitive fields (1.226125ms)
✔ Customer detail allowlists root fields but never normalized keys or bank data (0.088792ms)
✔ Customer errors expose stable codes without SQL or conflicting customer values (0.202917ms)
✔ TC-026 registry reports READY and NO_REFERENCE only when every required provider is compatible and clear (6.145958ms)
✔ TC-026 missing, incompatible and unavailable providers fail closed without sensitive error detail (0.208208ms)
✔ TC-026 a malformed reference result is UNKNOWN and never treated as clear (0.111459ms)
✔ TC-026 registered references remain blockers and unknown provider configuration is rejected (0.241875ms)
✔ TC-026 an empty mandatory-provider configuration is UNKNOWN rather than vacuously clear (0.050708ms)
✔ TC-003 extends the equality-key foundation with only additive Customer-root columns, indexes and foreign keys (1.189375ms)
✔ TC-003 rejects a mismatched equality-key foundation before any ALTER (0.253916ms)
✔ TC-013 duplicate check selects normalized keys before grouping matches (1.825041ms)
✔ TC-014 create rejects an inactive or missing categoryId (0.761459ms)
✔ TC-014 create rejects an inactive or missing industryId (0.104042ms)
✔ TC-014 create rejects an inactive or missing territoryId (0.065084ms)
✔ TC-014 create rejects an inactive or missing accountManagerUserId (0.07325ms)
✔ TC-016 create maps a wrapped legal-name duplicate to the stable 409 (0.203375ms)
✔ TC-016 update maps a wrapped legal-name duplicate to the stable 409 (0.255667ms)
✔ TC-014 update preserves unchanged inactive references (0.25975ms)
✔ TC-014 update rejects a changed inactive reference (0.133416ms)
✔ TC-012 root validation rejects non-HTTP websites and malformed email addresses before database work (0.153625ms)
✔ Customer import row application creates the full aggregate without dropping optional children (0.601166ms)
✔ Customer import update inherits omitted root fields and rejects invalid row contexts (0.152917ms)
✔ TC-028 Customer list pages stable IDs before fetching the summary projection (1.751958ms)
✔ TC-028 Customer list accepts a maximum-length legal-name prefix without normalizing it as a code (0.364709ms)
✔ TC-012/013 Customer list applies the approved search, filter, missing-data and ranking contract (0.173958ms)
✔ TC-013 Customer list rejects Phase 1 filters whose resources are not delivered (0.218792ms)
✔ TC-013 listAddresses returns a stable server-paginated projection (0.326833ms)
✔ TC-013 listContacts returns a stable server-paginated projection (0.094875ms)
✔ TC-013 listIdentifiers returns a stable server-paginated projection (0.357458ms)
✔ TC-013 Customer detail caps inline children at 100 and loads purposes only for those rows (0.433834ms)
✔ TC-012 Customer detail includes bounded party, identifier and credit projections (0.183167ms)
✔ Customer settings routes require the distinct view-plus-settings policy and a high-risk update (1.3445ms)
✔ Customer settings migration creates and seeds only the typed OFF singleton (0.914291ms)
✔ Customer settings returns the typed singleton and fails closed when it is absent (1.467875ms)
✔ Customer settings updates by CAS and records only the typed before/after value (0.475375ms)
✔ Customer settings rejects stale versions, unknown fields and missing reasons without auditing (0.395959ms)
✔ activation policy is stable inside its transaction and never guesses when the singleton is absent (0.2985ms)
✔ a timed-out query destroys its connection by default (1.927041ms)
✔ release keeps the connection for anyone who opts out of destroying (0.146584ms)
✔ an ordinary SQL error releases the connection instead of throwing it away (0.167458ms)
✔ an aborted query destroys the connection, because the query may still run (0.210292ms)
✔ a successful query always releases (0.66575ms)
✔ a connection that cannot be returned is logged, not thrown (0.149166ms)
✔ waiting for a connection has a deadline, and it answers 503 (211.758083ms)
✔ a full pool queue is a 503, not a 500 (0.287875ms)
✔ an unlimited pool queue cannot be configured at all (0.217375ms)
✔ the abandoned connection action has to be one of the two that exist (0.057083ms)
✔ the acquire timeout is required and must be usable (0.07175ms)
✔ the database must give up before the route timeout does (10.455084ms)
✔ the pool queue must be able to hold a full load of requests (0.334833ms)
✔ the shipped defaults satisfy their own cross-section rules (0.143ms)
✔ the signing input matches the format the client signs, byte for byte (1.010959ms)
✔ a genuine Web Crypto signature verifies, proving the P1363 encoding is handled (6.568917ms)
✔ the device id is the SHA-256 thumbprint of the public key, so it cannot be chosen (0.969958ms)
✔ trailing bytes after the SPKI cannot mint extra device ids for one key (0.759167ms)
✔ the stored public key is the canonical encoding, not whatever was submitted (0.696708ms)
✔ a concurrent first login returns the binding the other request created, not a 500 (0.693375ms)
✔ a signature made for one request is rejected on another (0.761875ms)
✔ a malformed signature is rejected rather than thrown out of verifyRequest (0.63075ms)
✔ a signature from a different key is rejected (0.704875ms)
✔ timestamps outside the skew window are rejected in both directions (0.783458ms)
✔ replaying the same nonce is rejected the second time (0.590583ms)
✔ a bad signature never reaches the nonce table (0.503208ms)
✔ a missing nonce is rejected before any crypto work (0.466125ms)
✔ keys that are not on the configured curve are rejected (1.134ms)
✔ bytes that are not a key at all are rejected, not thrown as a 500 (0.122417ms)
✔ a timestamp that is not a number is rejected before anything else (0.480917ms)
✔ every read path turns a missing table into an error that says how to fix it (0.432625ms)
✔ a broken nonce table is an error, not a silently accepted replay (0.645792ms)
✔ an absent body hashes to the same empty string the client signs (0.140917ms)
✔ marking a device used stamps the current time (0.161208ms)
✔ a non-EC key is rejected (35.687917ms)
✔ requesting a binding twice does not create a second row or overwrite the first (0.47875ms)
✔ approving writes reviewed_at, without which the row can never be purged (0.182917ms)
✔ approving anything that is not pending reports failure instead of reviving it (0.059917ms)
✔ each review action only accepts the status it is meant for (0.140666ms)
✔ the pending queue carries what an approver needs to judge, and no key material (0.116042ms)
✔ a user's device list is scoped to that user (0.09375ms)
✔ the three purge rules keep what they should and drop what they should (0.100334ms)
✔ expired nonces are purged and live ones are kept (0.066416ms)
✔ a nonce retention shorter than the skew window fails startup (0.127833ms)
✔ unknown curves and hashes are rejected at startup, not at first verification (0.07725ms)
✔ every review route demands device.mgmt, and the listing routes agree (1.287584ms)
✔ approve, reject and revoke require a fresh password, not just a valid session (0.058ms)
✔ the pending queue never exposes key material (0.065ms)
✔ approving and rejecting record who did it and any note (0.331959ms)
✔ an action that changed nothing is a conflict, not a success (0.331208ms)
✔ revoking a device also kills the tokens that device already holds (1.814583ms)
✔ the token version is bumped before the status changes, not after (0.151167ms)
✔ if the status change fails, the tokens are still revoked and a retry can finish the job (0.232958ms)
✔ if the token revoke fails, the binding is left approved so the retry is a full retry (0.1175ms)
✔ revoking a device that is already revoked is a conflict and does not log anyone out (0.117875ms)
✔ approving and rejecting do not touch token revocation (0.07175ms)
✔ the pending queue maps rows to the shape the approver sees (0.19475ms)
✔ my devices only ever asks for the caller's own rows (0.122417ms)
✔ loadRoleNamesForUser returns sorted role names (5.536125ms)
✔ loadRoleNamesForUser returns an empty array for a user with no roles (0.085875ms)
✔ loadPermissionNamesForUser returns sorted permission names (0.085458ms)
✔ assertActorFresh returns the actor's current roles and permissions on a match (0.148416ms)
✔ assertActorFresh rejects when claims no longer match the database (0.287083ms)
✔ assertActorFresh treats a missing or inactive actor as holding nothing (0.072209ms)
✔ a rejected JWT records why it failed without telling the client (1.194667ms)
✔ failing to release an idempotency key is logged, not swallowed (0.825416ms)
✔ a cleanup failure during startup rollback still surfaces (1.699292ms)
✔ the writer drops entries once the queue is full instead of growing forever (15.222959ms)
✔ dropped entries are reported in the log, not silently swallowed (2.16675ms)
✔ a failed write is counted and reported rather than swallowed (2.561083ms)
✔ a full queue does not leak its counter once entries drain (1.264417ms)
✔ upload stores a valid file and exposes its metadata to the handler (115.758334ms)
✔ upload rejects a file whose content does not match its declared type (21.257125ms)
✔ upload rejects a mismatched extension even when the content is genuine (14.314125ms)
✔ upload rejects a type outside the route allowlist (16.13375ms)
✔ upload enforces the per-file size limit (13.110792ms)
✔ upload rejects more files than the route allows (15.266ms)
✔ upload keeps a traversal filename from escaping the storage directory (15.409583ms)
✔ upload still applies request schema validation to form fields (12.785166ms)
✔ upload routes reject a non-multipart request (16.742333ms)
✔ download streams a stored file outside the JSON envelope (15.074834ms)
✔ download serves generated content from a buffer (13.805ms)
✔ download rejects a path that escapes the storage directory (11.038791ms)
✔ download rejects a symlink inside its root that points outside (16.653458ms)
✔ file responses reject absolute paths before they reach the filesystem (0.309166ms)
✔ disk file responses require a route-level download root (15.097584ms)
✔ download returns 404 for a missing file (13.520334ms)
✔ a handler cannot return a file without declaring download.enabled (13.745917ms)
✔ built-in legacy Office types are distinguished from other OLE2 files (0.382375ms)
✔ built-in archive types match their container signatures (0.222125ms)
✔ upload config rejects types the file type service does not know (0.205542ms)
✔ file type service registers custom types and refuses silent overrides (0.201833ms)
✔ a custom type registered in the service is accepted end to end (14.922583ms)
✔ a download that outlives its timeout does not crash the process (1085.648ms)
✔ an aborted upload releases its concurrency slot immediately (68.439042ms)
✔ a form field larger than the route limit is rejected, not silently truncated (21.732792ms)
✔ a request that fails schema validation leaves no file behind (18.387166ms)
✔ a handler that throws leaves no file behind (16.496667ms)
✔ a successful upload keeps its file (18.867209ms)
✔ reusing an idempotency key with a different file is a conflict (19.542167ms)
✔ an idempotent replay does not leave the resent file behind (19.149875ms)
✔ every table created under database/framework uses the fr_ prefix (2.592416ms)
✔ init.sql creates no framework table and no business table carries the prefix (0.3905ms)
✔ the framework SQL files match the tables the code actually queries (0.925958ms)
✔ a missing table says which SQL file creates it (0.177ms)
✔ an unrelated database error is passed through untouched (0.06075ms)
✔ the lease store turns a missing table into an actionable error (0.554916ms)
✔ every handler's directory matches its URL prefix (91.533708ms)
✔ handler discovery registers classes and injects the shared service container (2.346917ms)
✔ handler discovery rejects duplicate handler names at startup (0.353084ms)
✔ the identity scope falls back from sub to jti to a claims hash (2.196209ms)
✔ different users never share an idempotency scope (0.695167ms)
✔ strong-authenticated actors retain replay and conflict behaviour (0.866917ms)
✔ claims that differ only in an unrelated field still hash apart (0.13825ms)
✔ public requests are scoped by client address (0.100417ms)
✔ another request with the same key is still running produces 409 IDEMPOTENCY_IN_PROGRESS (0.09525ms)
✔ the store is at capacity produces 503 IDEMPOTENCY_CAPACITY_EXCEEDED (0.063334ms)
✔ the store returns a state the framework does not know produces 503 IDEMPOTENCY_STORE_FAILED (0.057042ms)
✔ a store that throws on begin becomes a 503, not a 500 (0.224708ms)
✔ an over-long idempotency key is rejected before the store is touched (0.249834ms)
✔ a missing idempotency key is rejected (0.067708ms)
✔ a failure to save the response is logged and does not fail the request (0.09225ms)
✔ a non-cacheable status releases the key instead of caching it (0.062ms)
✔ a success with no captured body is closed, not released (0.128709ms)
✔ a response that cannot be stored is closed, not released (0.083666ms)
✔ a non-cacheable status is still released, because it did not succeed (0.054ms)
✔ a retry of a key whose response was lost is refused, not re-executed (0.084083ms)
✔ a store that cannot even close the key says so at error level (0.083583ms)
✔ a lease lost during complete() is logged, not silently dropped (0.062458ms)
✔ a lease lost during the release after an uncacheable status is logged (0.06075ms)
✔ a lease lost during markUnavailable() is logged (0.051875ms)
✔ a store with no fencing support (returns undefined) is not treated as lease loss (0.055125ms)
✔ res.json is restored after execute, cached or not (0.050417ms)
✔ a disabled route skips the store completely (0.040666ms)
✔ route options reject a non-positive ttl (0.117542ms)
✔ the manager requires a request context and a usable store (0.064959ms)
✔ the container's shutdown closes the store (0.03875ms)
✔ a route that declares idempotency cannot start without the service (1.306334ms)
✔ routes that do not use idempotency start fine without the service (0.134709ms)
✔ a route timeout at or over the pending lease fails startup (0.123166ms)
✔ a route timeout below the pending lease is accepted (0.049083ms)
✔ the check also covers routes that inherit the application timeout (0.054958ms)
✔ a route without idempotency is not subject to the lease check (0.052542ms)
✔ the purge job is cluster scoped and reaches the service (0.676708ms)
✔ the purge job is discovered, and the service itself stays free of the scheduler (59.876334ms)
✔ the configuration rejects values that would silently weaken idempotency (0.436ms)
✔ a purge that hits its batch limit warns that cleanup is falling behind (0.24975ms)
✔ a purge that finishes its work does not warn (0.082458ms)
✔ an adapter with nothing to purge neither logs nor throws (0.073667ms)
✔ memory idempotency capacity never evicts pending work (1.358833ms)
✔ memory idempotency capacity may evict a completed entry (0.101917ms)
✔ failing a key releases it so the client can retry (0.091625ms)
✔ failing a key that was never started is harmless (0.051792ms)
✔ completing a key that expired mid-request does not throw or resurrect it (0.055958ms)
✔ a completed entry replays the stored response (0.054042ms)
✔ the sweep removes expired entries, including ones still pending (0.068584ms)
✔ an expired key is reusable before the sweep gets round to it (0.041584ms)
✔ an expired completed entry is not replayed before the sweep (0.048959ms)
✔ the sweep is throttled instead of running on every begin (0.0485ms)
✔ the capacity boundary forces a sweep before refusing a request (0.059958ms)
✔ an entry that has not expired survives cleanup (0.062ms)
✔ a non-positive maxEntries is rejected at construction (0.20075ms)
✔ closing the store drops every entry (0.049458ms)
✔ an adapter that skips begin or complete fails loudly and says so (0.169208ms)
✔ an adapter may leave fail and close unimplemented (0.049708ms)
✔ a memory key marked unavailable refuses a retry instead of re-running it (0.053125ms)
✔ marking unavailable leaves a pending lease behind and uses the full ttl (0.037875ms)
✔ marking unavailable never downgrades a cached response (0.041291ms)
✔ capacity pressure never evicts the guarantee that work ran once (0.036209ms)
✔ marking an unknown key unavailable is a no-op, not a resurrection (0.026083ms)
✔ eviction drops the completed entry that expires soonest (0.06375ms)
✔ an actor holding only user.mgmt can read the audit log, and a manual write shows up in it (837.202083ms)
✔ an actor holding only role.mgmt can also read the audit log (match: any) (531.655542ms)
✔ an actor holding neither user.mgmt nor role.mgmt is forbidden (514.971542ms)
✔ a stale token (permissions changed since it was issued) is rejected with PERMISSION_STALE (518.936167ms)
✔ pageSize and action filter narrow the result set (527.654875ms)
✔ from/to narrow by time range, and actor narrows by actor_username (524.910417ms)
✔ the device permission was renamed without losing its role link (679.833917ms)
✔ login, me and logout work end to end against a real database (1892.444458ms)
✔ a session cannot outlive the absolute cap, no matter how often it refreshes (5398.666375ms)
✔ an approver can clear the queue over HTTP, and the approved user then gets in (1498.826083ms)
✔ five consecutive failed logins lock the account for fifteen minutes (1021.315417ms)
✔ concurrent failed logins are all counted, not lost to a race (579.354666ms)
✔ more than twenty login attempts from one client are throttled (2197.181042ms)
✔ Customer attachment upload is encrypted, durable, replay-safe and operation-complete (49.188458ms)
✔ Customer attachment migration enforces operation, object and owner constraints (30.546125ms)
✔ Customer bank service stores no plaintext, confirms cross-owner duplicates and audits reveal (22.447417ms)
✔ Customer bank key rotation and reindex resume idempotently with zero-old proof (9.764792ms)
✔ Customer bank update/default/deactivate enforce ownership and optimistic versions (9.061542ms)
✔ Customer bank migration enforces no-plaintext, duplicate and default contracts (16.213292ms)
✔ TC-066 real MySQL export is filtered, formula-safe, replayable, owner-scoped and expiring (34.454083ms)
✔ TC-066 concurrent export retry and recovery use operation-first locking without corrupting outcome (23.714042ms)
✔ TC-021..025 real MySQL and HTTP preserve Identifier uniqueness and Credit semantics (990.1745ms)
✔ TC-060..063 import execution atomically resumes commit-unknown and publishes a safe result (46.0265ms)
✔ TC-059 real MySQL Customer precheck persists evidence without changing Customer aggregates (41.75725ms)
✔ TC-018 and TC-027 real MySQL lookup enforces status, ownership, purpose and version (629.034167ms)
✔ customers equality keys are binary-collated and preserve the application's canonical equality matrix (627.889958ms)
✔ concurrent Customer inserts with the same canonical code have exactly one winner (419.199583ms)
✔ TC-018..020 real MySQL serializes default switching and hides cross-owner children (712.34325ms)
✔ TC-012 Customer HTTP create, replay, list, update and operation result are durable (806.035125ms)
﹣ TASK-021 real MySQL Allocation integrity, contention and rollback (0.633166ms) # SKIP
﹣ TASK-007 maps contention between two real MySQL connections (0.583167ms) # SKIP
﹣ TASK-009 enforces master lifecycle and both Warehouse lock race orderings (0.603042ms) # SKIP
﹣ TASK-008 creates rerunnable Warehouse and Bin persistence constraints (0.57425ms) # SKIP
✔ TASK-005 creates durable operation identity and immutable Inventory audit persistence (37.809625ms)
﹣ TASK-014 posts, replays, conflicts and rolls back against real MySQL 26.7.0 (0.574084ms) # SKIP
﹣ TASK-020 serializes competing Reservations and rolls back failed state changes (0.632709ms) # SKIP
﹣ TASK-019 creates rerunnable Reservation and Allocation persistence (0.610209ms) # SKIP
﹣ TASK-012 applies Inventory 0055-0060 with owned stock and immutable movements (0.5675ms) # SKIP
﹣ TASK-022 real MySQL Allocation transitions and Issue consume (0.641125ms) # SKIP
﹣ DEV-025-API-01 real HTTP and provider permission boundaries (0.594875ms) # SKIP
✔ item_attribute_definitions：code 全域唯一 (699.359541ms)
✔ item_attribute_definitions.uom_id：RESTRICT，UOM 仲被屬性引用就刪唔到 (487.057708ms)
✔ item_attribute_options：同一屬性底下 value 唯一，唔同屬性可以撞返同一個 value (435.411208ms)
✔ item_attribute_options：CASCADE，刪屬性連埋佢啲 option 一齊冇 (433.967583ms)
✔ item_category_attributes：category_id CASCADE，attribute_id RESTRICT (435.524584ms)
✔ item_attribute_values：CASCADE 跟 Item，RESTRICT 跟屬性／選項；composite PK 擋同一個 Item 對同一屬性寫兩行 (439.311625ms)
✔ item_sku_attribute_values：CASCADE 跟 SKU，RESTRICT 跟屬性／選項；composite PK 擋同一個 SKU 對同一屬性寫兩行 (424.571084ms)
✔ 持有 item.view 可以讀 item audit，手動種的一列會出現在結果裡 (796.627125ms)
✔ 只有 item.mgmt 亦可以讀取 Item audit (539.659583ms)
✔ token 宣稱的權限與資料庫現況不符時回 403 PERMISSION_STALE (508.439333ms)
✔ pageSize、action 與 targetType 篩選會收窄結果 (485.505375ms)
✔ from／to 依時間範圍篩選，actor 依 actor_username 篩選 (482.827208ms)
✔ Bulk archive：3 粒 draft SKU 全部成功，各自有一筆 sku.archive audit (819.347125ms)
✔ Bulk：100 個 target 全部成功 (714.779417ms)
✔ Bulk：101 個 target 俾 schema 擋，400，完全唔會入到 service (558.57875ms)
✔ Bulk：中間一個 target 因為 version 唔啱失敗，全部（包括本身會成功嗰幾個）一齊 rollback (568.842167ms)
✔ Bulk activate：父 Item 已經 active，3 粒 inactive SKU 全部啟用 (569.780792ms)
✔ Bulk：唔支援 delete，唔喺 action 白名單，400 (566.747459ms)
✔ Bulk：密碼錯，403，完全冇改到任何 SKU (558.777ms)
✔ Bulk：淨係 item.view 冇 item.mgmt：403 (552.889708ms)
✔ Category 完整生命週期經真實 HTTP＋MySQL：建立、stale version 409、更新、啟用/停用、封存/恢復、刪除，每步都有 audit (1010.887ms)
✔ Brand 建立、stale version 409、更新、狀態變更、刪除都經真實 HTTP＋MySQL，並各自寫入 audit (689.104042ms)
✔ UOM 建立（code 建立後不可修改）、stale version 409、更新、生命週期、刪除都經真實 HTTP＋MySQL (753.953833ms)
✔ TC-010 item.view 可唯讀 Catalog；item.mgmt 可讀寫所有 Catalog API (578.511959ms)
✔ 未登入或持有無關權限時，Catalog 寫入端點回 401／403 (466.024708ms)
✔ token 宣稱的權限與資料庫現況不符時，Catalog 端點回 403 PERMISSION_STALE (475.562708ms)
✔ 兩個並行的 category move 想互相移到對方底下，只有一個成功，資料庫不會出現環 (507.971583ms)
✔ Attribute 建立（連 options）、重複 code／option value 409、原子覆蓋 option 集合、狀態變更、刪除都經真實 HTTP＋MySQL (681.145792ms)
✔ Category attribute assignment：expectedAttributeIds 過期時拒絕覆蓋，一致時原子覆蓋並可經 GET 讀返 (495.557958ms)
✔ TC-014 被 Item／SKU UOM／SKU 度量／屬性引用的 Brand／UOM 刪除回 CATALOG_IN_USE，資料與 audit 均不變 (656.46ms)
✔ TC-004 Version race：兩個並行 update 撞同一個 version，只有一個贏，輸嗰個 409 (731.060041ms)
✔ SKU Code race：兩個並行 create 撞同一個 skuCode，只有一個成功 (506.305208ms)
✔ Barcode race：兩個並行 create 撞同一個條碼，只有一個成功 (484.35175ms)
✔ Base UOM race：兩個並行 update 撞同一個 SKU version，各自想換去唔同 Base UOM，只有一個贏 (487.916167ms)
✔ Last-active race：兩個並行 deactivate 想同時停用一個 Item 底下兩個 Active SKU，唔可以兩個都成功 (475.441208ms)
✔ 建立 Standard Item＋SKU（唔啟用）：狀態係 draft，UOM／Barcode 一齊寫入，audit 記低 item.create 同 sku.create (738.756166ms)
✔ 建立並直接 activate：Item／SKU 同交易變 active，version 變 2 (515.851ms)
✔ activate:true 但缺 activationReason：400，完全冇碰資料庫 (483.005959ms)
✔ activate:true 但唔夠完整（冇 Base UOM）：422 ITEM_NOT_ACTIVATABLE，成個 aggregate 冇存落 DB (485.730959ms)
✔ Variant Item：兩個 SKU 用唔同規格組合，一齊建成，各自有唔同嘅 variant_signature (484.002292ms)
✔ Variant Item：兩個 SKU 用完全相同嘅規格組合：409 VARIANT_COMBINATION_TAKEN，成個交易 rollback (510.903083ms)
✔ Standard Item 嘅 SKU 帶 variantValues：400 STANDARD_SKU_HAS_VARIANT_VALUES (493.289584ms)
✔ Variant Item 嘅 SKU 冇帶 variantValues：400 VARIANT_VALUES_REQUIRED (471.27975ms)
✔ Variant Item：attributeId 唔存在：404 ATTRIBUTE_NOT_FOUND (479.990834ms)
✔ Variant Item：optionId 唔存在：404 ATTRIBUTE_OPTION_NOT_FOUND (479.909959ms)
✔ Variant Item：attribute 唔係 is_variant：400 ATTRIBUTE_VALUE_INVALID (481.953667ms)
✔ Variant Item：連同 activate:true 一齊建，Item 同全部 SKU 一次過變 active (486.929584ms)
✔ Standard Item 送兩個 SKU：409 STANDARD_ITEM_SKU_LIMIT (496.036208ms)
✔ SKU Code 唔分大小寫全域唯一：撞咗已存在嘅 code 就 409 SKU_CODE_TAKEN，新嗰個 Item 完全冇殘留 (511.658083ms)
✔ 建立 Item：SKU Code 空白、控制字元或超過 190 字元一律 400 SKU_CODE_INVALID，唔留殘資料 (508.7575ms)
✔ Barcode 全域唯一：撞咗已存在嘅條碼就 409 BARCODE_TAKEN (508.982416ms)
✔ categoryId／brandId／uomId 唔存在：分別回 404，唔碰資料庫留低殘留 (480.365125ms)
✔ SKU 嘅 UOM 結構性錯誤：重複同一個 uomId、或者多過一個 Base，一律 400 UOM_CONVERSION_INVALID (485.41475ms)
✔ Barcode 嘅 uomId 唔屬於呢個 SKU 提交嘅任何 UOM：400 SKU_CHILD_MISMATCH (488.993333ms)
✔ 同一個包裝單位有兩個 primary barcode：400 BARCODE_PRIMARY_DUPLICATED (469.393625ms)
✔ 淨係 item.view 冇 item.mgmt：403，PERMISSION_STALE 喺 claim 過咗靜態 gate 之後先偵測到權限已改 (474.391ms)
✔ Idempotency-Key：同一個 key 連撞兩次，第二次直接攞返第一次嘅 response，唔會建多一個 Item (499.768333ms)
✔ TC-003 既有 Variant Item 可以新增唯一 SKU；審計與 idempotency 同一交易生效 (518.497125ms)
✔ 新增既有 Variant SKU 時拒絕空白或控制字元 SKU Code，且不寫入資料 (493.489ms)
✔ 既有 Variant Item 拒絕重複規格組合，既有 Standard Item 不可新增 SKU (509.774708ms)
✔ 疑似重複：名稱完全一樣（唔理大小寫）＋同分類同品牌，回返 candidate 連埋 SKU codes (482.465083ms)
✔ 疑似重複：名稱唔同就唔會撞 (487.754625ms)
✔ 疑似重複：淨係提供 name，冇 category／brand 都揀得到（唔篩呢兩個） (488.826708ms)
✔ 疑似重複：唔阻擋建立——確認咗有重複之後仍然可以建立新 Item (491.152083ms)
✔ 疑似重複：淨係 item.view 冇 item.mgmt：403 (477.022917ms)
✔ GET /item-exports/skus：按 categoryId 篩選匯出，固定 HKD／tax_not_applicable，updatedAt 係 ISO 8601＋offset (805.23275ms)
✔ GET /item-exports/skus：SKU 名稱開頭係 =／+／-／@ 會加單引號，防試算表當公式執行（CSV injection） (568.403792ms)
✔ GET /item-exports/skus：預設唔包含 archived，明確 status=archived 先見到 (533.822167ms)
✔ GET /item-exports/skus：只有 item.mgmt 先匯出得；item.view 403；冇 token 401 (521.00575ms)
✔ GET /item-exports/skus：寫一筆 item.export audit，記篩選同筆數，唔保存成份 CSV 內容 (529.135333ms)
✔ 刪除 Item：Draft Item 連同其 Draft SKU、UOM 一齊消失，audit 記低 (888.24825ms)
✔ 刪除 Item：非草稿狀態：409 ITEM_DELETE_REQUIRES_DRAFT，乜都冇刪 (656.414041ms)
✔ 刪除 Item：version 唔啱：409 VERSION_CONFLICT (626.360458ms)
✔ 刪除 Item：密碼錯：403 PASSWORD_INVALID (630.126333ms)
✔ 複製 Item：新 Item 係 Draft，UOM 複製埋，Barcode 完全冇複製 (536.08675ms)
✔ 複製 Item：skus 陣列帶錯嘅 sourceSkuId：400 SKU_CHILD_MISMATCH (487.995333ms)
✔ 複製 Item：新 Code 撞咗現有 SKU：409 SKU_CODE_TAKEN (475.254916ms)
✔ 複製 Item：SKU Code 空白、控制字元或超過 190 字元一律 400 SKU_CODE_INVALID (487.539708ms)
✔ 刪除 SKU：Draft SKU，Item 仲有第二個 SKU，成功刪除 (569.632208ms)
✔ 刪除 SKU：係 Item 最後一個 SKU：409 SKU_IS_LAST_IN_ITEM (563.597042ms)
✔ 刪除 SKU：非草稿狀態：409 SKU_DELETE_REQUIRES_DRAFT (562.063417ms)
✔ SKU Code 特批修改：成功改名，version 遞增，audit 記低 before/after (578.172667ms)
✔ SKU Code 特批修改：空白、控制字元或超過 190 字元一律 400 SKU_CODE_INVALID，原值不變 (756.539334ms)
✔ SKU Code 特批修改：新 Code 撞咗另一個 SKU：409 SKU_CODE_TAKEN (594.231875ms)
✔ SKU Code 特批修改：密碼錯：403 PASSWORD_INVALID (564.661125ms)
✔ SKU Code 特批修改：冇帶設備簽章 header：400 DEVICE_SIGNATURE_REQUIRED (481.34675ms)
✔ 條碼釋放：成功移除指定條碼，其他條碼唔受影響，audit 記低原值 (591.036625ms)
✔ 條碼釋放：barcodeId 唔屬呢個 SKU：404 BARCODE_NOT_FOUND (562.090458ms)
✔ 條碼釋放：version 唔啱：409 VERSION_CONFLICT，條碼冇被刪 (565.381458ms)
✔ Create-only CSV 全部合法：job 轉 ready，row 逐列寫入，counts 正確 (630.145416ms)
✔ 有一列 invalid：整個 job 轉 invalid，唔會擋住其他合法列寫入 (422.915916ms)
✔ Upsert 更新一粒真嘅 SKU：用 skuId＋version 配對，SKU Code 唔一致得返 warning (398.404708ms)
✔ 冇任何 uploaded job：claimed 係 false，唔會拋錯 (396.949333ms)
✔ 已經驗證完嘅 job 唔會被重新揀中 (390.5285ms)
✔ 來源檔案喺受控目錄搵唔到：job 轉 invalid，error_summary 記低原因，唔會拋錯令 worker 卡住 (409.69575ms)
✔ 下載 template：帶齊已知欄位嘅 header row (492.935292ms)
✔ 上傳、list、get 全部經真實 HTTP：job 建立後可以查到，list 支援狀態篩選 (491.316083ms)
(node:20741) MaxListenersExceededWarning: Possible EventEmitter memory leak detected. 11 close listeners added to [ServerResponse]. MaxListeners is 10. Use emitter.setMaxListeners() to increase limit
(Use `node --trace-warnings ...` to show where the warning was created)
✔ 結果 CSV：skuCode 開頭係 =／+／-／@ 會加單引號，防試算表當公式執行（CSV injection） (483.55725ms)
(node:20741) MaxListenersExceededWarning: Possible EventEmitter memory leak detected. 11 close listeners added to [ServerResponse]. MaxListeners is 10. Use emitter.setMaxListeners() to increase limit
✔ TC-009 Confirm＋execution 全流程：create-only job 完成後真係建咗一個 Item＋SKU，結果 CSV 下載得到 (590.564875ms)
✔ 執行中 SKU Code race：preflight 之後、execution 之前俾第三者搶咗個 code，整批 rollback，該 row 標 failed (596.822583ms)
✔ Upsert 更新一粒真嘅 SKU：confirm＋execution 之後 SKU 欄位同 version 都變咗 (576.961917ms)
✔ TC-015 逐項 audit 寫入失敗：同一 execution transaction 內嘅 Item、SKU、UOM、audit 全部 rollback (597.658583ms)
✔ commit 前 failure injection：已寫入的 aggregate、audit 與 completed 狀態一併 rollback (591.077708ms)
✔ confirm 後 item.mgmt 被撤銷：execution 重新授權並拒絕套用任何 aggregate 資料 (569.49075ms)
✔ running job lease 過期：另一 worker 可安全接管並只套用一次 (601.232083ms)
✔ 舊 worker 租約過期後恢復：不可覆寫新 owner 已完成的 job 或重複套用 aggregate (607.282375ms)
✔ Cancel：ready job 取消之後唔會被 execution 揀中 (484.670875ms)
✔ Confirm：唔係 ready 狀態就 409 IMPORT_NOT_READY，version 唔啱就 409 IMPORT_STATE_CONFLICT，密碼錯就 403 (745.660333ms)
✔ 冇 item.mgmt：upload／list／get／confirm／cancel／result 一律 403；完全冇 token：401 (465.656709ms)
✔ 結果檔已經被 retention 清理（files_purged_at 有值）：下載回 410，job summary 仍然查得到 (468.958666ms)
✔ listRetentionCandidateJobs：只回傳指定狀態、files_purged_at 未設嘅 job (616.767833ms)
✔ listRetentionCandidateJobs：依 id 升序，並受 limit 限制 (419.577875ms)
✔ markImportFilesPurged：compare-and-set，只有第一次呼叫成功 (404.720917ms)
✔ markImportFilesPurged：唔存在嘅 job id 回 false (391.964209ms)
✔ item_import_jobs.file_stored_name：全域唯一 (625.934083ms)
✔ item_import_jobs.result_stored_name：UNIQUE key 對 NULL 唔生效，兩個 job 都可以未有結果檔 (417.339042ms)
✔ item_import_jobs.created_by／confirmed_by：SET NULL，刪用戶唔會刪走 Job (476.224125ms)
✔ item_import_rows：(job_id, row_number) 係 PK，同一個 job 唔可以有重複行號 (403.705833ms)
✔ item_import_rows.job_id：CASCADE，刪 job 連埋佢啲 row 一齊消失 (395.550292ms)
✔ item_import_rows.match_sku_id：刻意冇 FK，指向一個唔存在嘅 SKU id 一樣寫得入——歷史匯入結果唔會因為 SKU 之後被刪就消失 (396.773167ms)
✔ item_import_rows：normalized_payload／errors／warnings 嘅 JSON 內容原樣讀返 (399.059792ms)
✔ 啟用 Item：Draft Item＋Draft SKU，帶 skuIds 一齊啟用，Item 同 SKU 一齊轉 active，各記一筆 audit (747.993041ms)
✔ 啟用 Item：Draft Item 冇帶任何 skuIds：400 ITEM_ACTIVATION_REQUIRES_SKU，乜都冇寫 (571.358583ms)
✔ 啟用 Item：已經 active 嘅 Item 再啟用多一個 Inactive SKU，Item 本身唔轉、唔記 item.activate audit (548.08825ms)
✔ 啟用 Item：skuIds 帶另一個 Item 嘅 SKU id：404 SKU_NOT_FOUND (540.883708ms)
✔ 啟用 Item：已封存嘅 Item：409 STATUS_TRANSITION_INVALID (547.723208ms)
✔ TC-005 停用 Item：Active Item＋兩個 Active SKU，同交易全部轉 inactive，SKU audit 記低 cascadedFromItem (533.727917ms)
✔ 停用 Item：version 唔啱：409 VERSION_CONFLICT，Item 同 SKU 完全冇轉 (537.621167ms)
✔ 停產 Item：Active Item＋Active SKU，SKU 強制停止採購，sellable 保留現狀清貨 (598.546667ms)
✔ 停產 Item：密碼錯：403 PASSWORD_INVALID，Item 同 SKU 完全冇轉 (615.433125ms)
✔ 封存 Item：Inactive Item＋Inactive SKU，同交易一齊轉 archived；恢復後 Item 變 inactive 但 SKU 仍然 archived (728.226667ms)
✔ 啟用 SKU：父 Item 未 Active：409 STATUS_TRANSITION_INVALID (520.65225ms)
✔ 啟用 SKU：父 Item 已 Active，單獨啟用一個 Inactive SKU (532.816792ms)
✔ 停用 SKU：父 Item Active 情況下停用最後一個 Active SKU：409 LAST_ACTIVE_SKU (529.620834ms)
✔ 停用 SKU：仲有另一個 Active SKU，唔擋，成功停用 (527.6275ms)
✔ SKU 停產、封存、恢復：完整走一次，每步都有獨立 audit (839.139041ms)
✔ SKU 狀態動作：淨係 item.view 冇 item.mgmt：403 (517.299792ms)
✔ findById：真 JOIN 返正確嘅 Item／SKU／UOM 資料 (682.661167ms)
✔ findByCode：用真嘅 sku_code 查 (457.365917ms)
✔ findByCode：搵唔到就回 null (439.2625ms)
✔ TC-006 findByBarcode：真 JOIN 去 item_sku_barcodes，搵到啱嘅 SKU (434.445084ms)
✔ findByBarcode：搵唔到就回 null (431.696042ms)
✔ findManyByIds：跨兩個唔同 Item 嘅 SKU，UOM 冇冚埋一齊 (432.419667ms)
✔ purchase：真數據——Active＋purchasable＋喺效期內先 usable，Discontinued 就唔得 (434.232459ms)
✔ sale：真數據——Discontinued SKU 清貨仍然 usable (450.169292ms)
✔ inventory：真數據——Inactive 預設唔 usable，帶 includeInactive 先通過；Archived 點都唔得 (435.073792ms)
✔ assertUsable：真數據——SKU_NOT_FOUND 同 SKU_NOT_USABLE 兩種錯都拋得啱 (399.774541ms)
✔ item_sku_barcodes 嘅 UNIQUE key 真係防到兩個 SKU 用同一個正規化條碼 (418.455625ms)
✔ 端到端：Catalog → Item＋兩個 SKU → 搜尋 → 更新 → 生命週期 → audit → cleanup (1376.78975ms)
(node:20949) MaxListenersExceededWarning: Possible EventEmitter memory leak detected. 11 close listeners added to [ServerResponse]. MaxListeners is 10. Use emitter.setMaxListeners() to increase limit
(Use `node --trace-warnings ...` to show where the warning was created)
✔ TC-008 Item 層級 media：上傳、下載、update、delete 全部經真實 HTTP＋MySQL＋檔案系統，每步都有 audit (898.870708ms)
✔ SKU 層級 media：item_id 由目標 SKU 現在嘅 item_id 解析，唔接受 client 自己聲稱 (547.721375ms)
✔ 上傳第二張 primary image：舊嗰張自動變返 0，同一時間只有一張 primary（靠真 MySQL 嘅 generated column） (529.300041ms)
✔ SVG 唔喺 route 嘅 allowlist 之內，415 UPLOAD_TYPE_NOT_ALLOWED，唔會落盤 (517.409834ms)
✔ 宣告 kind=image 但實際上傳 PDF：400 MEDIA_KIND_MISMATCH，已落盤嘅檔案由框架自動清走 (489.731083ms)
✔ 圖片超過圖片專屬上限（但喺 route 較寬鬆嘅上限之內）：400 MEDIA_FILE_TOO_LARGE，唔留 orphan 檔案 (485.087125ms)
✔ 目標 Item 嘅 version 唔對版：409 VERSION_CONFLICT (498.999125ms)
(node:20949) MaxListenersExceededWarning: Possible EventEmitter memory leak detected. 11 close listeners added to [ServerResponse]. MaxListeners is 10. Use emitter.setMaxListeners() to increase limit
(node:20949) MaxListenersExceededWarning: Possible EventEmitter memory leak detected. 11 close listeners added to [ServerResponse]. MaxListeners is 10. Use emitter.setMaxListeners() to increase limit
✔ item.view 可下載但不可寫；item.mgmt 可下載及寫入；完全冇 token 回 401 (787.1695ms)
✔ delete 密碼錯：403 PASSWORD_INVALID，metadata 同檔案都唔會被刪 (567.601958ms)
✔ TC-001 Item migrations 0010-0026 are idempotent without weakening the global permission catalogue (631.608917ms)
✔ TC-002 GET /items：q 搜 Item 名稱及其 SKU 的 Code／名稱／條碼，用 EXISTS 唔會因為一個 Item 有多個符合嘅 SKU 就撞大 total (728.768042ms)
✔ GET /items：LIKE 萬用字元被跳脫，唔會被當成 % 或 _ 解讀 (501.734875ms)
✔ GET /items：分類／品牌／狀態篩選，回應唔洩漏 DB 內部欄位 (484.121041ms)
✔ GET /items 同 /skus：Archived 預設隱藏，明確 status=archived 或 includeArchived=true 先睇得到 (490.068583ms)
✔ GET /items/:id：完整詳情，含全部 SKU 摘要 (491.744042ms)
✔ TC-013 GET /items/:id 與 /skus/:id：投影已保存的 Attribute／Variant 值 (517.767542ms)
✔ GET /items/:id：唔存在嘅 id 回 404 ITEM_NOT_FOUND (502.158125ms)
✔ GET /skus：exact code／barcode 優先於 prefix，prefix 優先於 contains (507.194208ms)
✔ GET /skus：exact barcode 命中都排第一 (514.726ms)
✔ GET /skus：itemId／status／purchasable／sellable 篩選 (505.637917ms)
✔ GET /skus/:id：完整詳情，含 Item 摘要、UOM、條碼與價格口徑 (518.190833ms)
✔ GET /skus/:id：唔存在嘅 id 回 404 SKU_NOT_FOUND (514.714125ms)
✔ 未登入、只有 item.mgmt、stale permission：Item／SKU 讀 API 一律符合 401／200／403 規則 (608.590458ms)
✔ TC-016 adapter verifies a separately restored schema through a read-only transaction (95.69775ms)
✔ 更新 Item：改名同分類，version 遞增，audit 記低 before/after (807.970208ms)
✔ 更新 Item：version 唔啱：409 VERSION_CONFLICT，唔寫資料唔寫 audit (552.292708ms)
✔ 更新 Item：唔存在嘅 id：404 ITEM_NOT_FOUND (485.942792ms)
✔ TC-007 更新 SKU：淨係改 RRP，唔使填 reason，audit 保存前後 amount／HKD／tax_not_applicable (489.533666ms)
✔ 更新 SKU：改追蹤政策（關鍵變更）冇填 reason：400 CRITICAL_CHANGE_REASON_REQUIRED，UOM／Barcode 完全冇被刪重插 (487.961917ms)
✔ 更新 SKU：改追蹤政策連同 reason：成功，audit 記低 reason 同 criticalUomOrTrackingChange (480.154959ms)
✔ 更新 SKU：換 Base UOM（換去另一個 uomId）都算關鍵變更，一樣要 reason (532.036083ms)
✔ 更新 SKU：UOM 陣列帶另一個 SKU 嘅 child id：400 SKU_CHILD_MISMATCH (527.155333ms)
✔ 更新 SKU：Barcode 陣列帶另一個 SKU 嘅 child id：400 SKU_CHILD_MISMATCH (524.746167ms)
✔ 更新 SKU：撞另一個 SKU 已用緊嘅條碼：409 BARCODE_TAKEN (539.558584ms)
✔ 更新 SKU：version 唔啱：409 VERSION_CONFLICT，UOM／Barcode 完全冇被刪重插 (531.133041ms)
✔ 更新 SKU：淨係 item.view 冇 item.mgmt：403，PERMISSION_STALE (524.053625ms)
✔ 0006 gave users its two password columns, with defaults that leave existing rows alone (684.863167ms)
✔ 0007 built user_audit_logs with the three indexes and an actor FK that does not cascade (484.45475ms)
✔ 0038 seeds the Customer catalogue but does not grant bank permissions to system-admin (458.36ms)
✔ 0010 seeded item.view/item.mgmt, and gave both to system-admin (442.255458ms)
✔ 0028 seeded all Supplier permissions and granted each to system-admin (435.169083ms)
✔ 0011 built item_categories: a generated parent_scope_id blocks duplicate root names too (433.229ms)
✔ 0012 built item_brands with a case-insensitive unique name (431.091125ms)
✔ 0013 built item_uoms with a case-insensitive unique code (432.140709ms)
✔ 0014 built items with RESTRICT FKs to category and brand (438.676084ms)
✔ 0015 built item_skus: globally unique sku_code, per-item unique variant_signature, CASCADE from items, RESTRICT to UOMs (435.75075ms)
✔ 0016 built item_sku_uoms: at most one base/default-purchase/default-sale per SKU, CASCADE from SKU, RESTRICT to UOM (438.081083ms)
✔ 0017 built item_sku_barcodes: globally unique normalized_barcode, at most one primary per SKU UOM, composite FK ownership (431.302917ms)
✔ 0024 built item_audit_logs with a non-cascading actor FK and no target FK (430.390083ms)
✔ re-running all twelve migrations changes nothing (459.702042ms)
✔ create -> forced login -> blocked management action -> change password -> old token dead -> fresh login -> unblocked (1473.936542ms)
✔ self-changing to a password with outer whitespace: only the trimmed value logs in (DEF-004) (1099.114708ms)
✔ an unsigned request to an escalation endpoint is refused before it does anything (509.269ms)
✔ a replayed device signature nonce is refused on its second use (705.462334ms)
✔ logging in with an expired temporary password returns TEMPORARY_PASSWORD_EXPIRED (604.694ms)
✔ a user can update their own displayName and email, and it is audited (773.05325ms)
✔ an empty email clears it back to unset (541.524291ms)
✔ an invalid email format is rejected by schema validation (506.551834ms)
✔ system-admin refuses every write path: update, delete, permissions/assign (979.183875ms)
✔ an actor holding only role.mgmt cannot grant a role the user.mgmt permission (628.997417ms)
✔ protected admin delegates Customer bank access through role and user paths without receiving it (1095.396875ms)
✔ assigning permissions with a stale expected set returns ASSIGNMENT_STALE (614.814667ms)
✔ deleting a role held by users succeeds, and their user_roles rows disappear (CASCADE) (704.816333ms)
✔ create, list, assign permissions and update a role, with one audit row each (617.03725ms)
✔ an actor holding only user.mgmt can read GET /api/v1/roles (match: any) (508.122833ms)
✔ an actor holding neither user.mgmt nor role.mgmt cannot read GET /api/v1/roles (512.470667ms)
✔ approving runs against real MySQL: every column exists and the row really moves (37.528958ms)
✔ the database refuses a second pending request for one Supplier (23.524917ms)
✔ an approve interleaved with an editing transaction does not deadlock (332.604125ms)
✔ a Supplier submitted through activateSupplier can actually be approved (30.387833ms)
✔ createSupplier really does read the policy before the currency lock (5.544291ms)
✔ a Supplier created with activate can actually be approved (28.645959ms)
✔ the queue scopes resolve against real MySQL joins (26.388833ms)
✔ the queue counts and pages the same filtered set (24.81775ms)
✔ the detail reads the snapshot, the current Supplier and the real difference (22.949333ms)
✔ the eligible approver lookup is decided by the real role and permission rows (22.340375ms)
✔ two concurrent approves produce one transition and exactly one decision audit (25.868333ms)
✔ resending the same decision is idempotent and writes no second audit row (24.631542ms)
✔ an approve racing a significant edit yields one terminal result, not both (28.1415ms)
✔ a decision made after the approver's permission is revoked fails at both guards (25.047ms)
✔ a disabled user can neither receive a reassignment nor decide (25.98125ms)
✔ withdrawing through another Supplier's route is refused and changes nothing (22.539ms)
✔ an unassigned request refuses every decision until a reassignment restores it (28.462542ms)
✔ Supplier audit follows its caller transaction and committed rows remain queryable (13.948084ms)
✔ TC-066 (BANK-005): create really writes every column, and the encrypted ones are binary of the right width (17.93075ms)
✔ TC-066 (BANK-005): the plaintext account appears in no column of the Bank table or the audit log (11.006375ms)
✔ TC-069 (BANK-008): the database refuses a second active default even if the service is bypassed (5.71625ms)
✔ TC-069 (BANK-008): switching the default clears the old one, and deactivating frees the slot (13.206083ms)
✔ TC-069 (BANK-008): two concurrent default switches leave exactly one default (9.770833ms)
✔ TC-070 (BANK-009): the same account twice under one Supplier is refused by the database as well as the service (8.67125ms)
✔ reveal round-trips through real MySQL and leaves an audit row behind (4.748833ms)
✔ TC-067 (BANK-006): a row moved to another Supplier cannot be revealed, because the AAD is bound to the owner (5.007917ms)
✔ TC-070 (BANK-009): a real ER_DUP_ENTRY from the driver becomes a 409, not a 500 carrying the blind index (5.68925ms)
✔ the Bank routes answer over real HTTP, and the masked list leaks nothing (1018.955666ms)
✔ no Bank route reaches another Supplier's row, and the refusal changes nothing (11.979125ms)
✔ TC-074 (BANK-013): after success and failure flows, no channel on this baseline carries the account (601.652542ms)
✔ TC-062 (BANK-001): every role that may list Bank rows sees only masks, short accounts fully masked, no crypto metadata (1243.159875ms)
✔ TC-063 (BANK-002): reveal needs bank.view and the current password, is audited, and is not cacheable (487.086833ms)
✔ TC-064 (BANK-003): only view + bank.view + bank.mgmt, with device and password, may write; everyone else changes nothing (1951.695542ms)
✔ TC-068 (BANK-007): a row whose encryption key is not in the ring is never revealed (193.402667ms)
✔ TC-068 (BANK-007): the refusal is 503 BANK_KEY_UNAVAILABLE, as design 6 and 8.3 specify (193.655875ms)
✔ TC-068 (BANK-007): a duplicate check that cannot read an existing row's lookup key fails closed (299.541042ms)
✔ TC-068 (BANK-007): re-entering the account on the only unreadable row repairs it; a second one still blocks (13.604792ms)
✔ TC-068 (BANK-007): a deactivated row on a lookup key outside the ring still blocks, as the unique index would (9.267667ms)
✔ TC-068 (BANK-007): a Supplier locked by a lost lookup key is recovered by the --from-lost reindex (HD-038) (13.734084ms)
✔ TC-071 (BANK-010): an update that keeps the account keeps every encrypted byte; one that changes it replaces them all (6.148167ms)
✔ TC-072 (BANK-011): deactivation clears the default and keeps the row; there is no route that deletes one (104.538042ms)
✔ TC-073 (BANK-012): when the audit cannot be written, no Bank write lands and no reveal returns an account (13.004875ms)
✔ TC-065 (BANK-004): every Bank write refuses a missing or wrong password, a missing or revoked device, a moved signature and a replayed nonce (1713.605333ms)
✔ TC-077 (BANK-016): a restored backup reveals with its key ring, and fails closed without it (797.822625ms)
✔ TC-076 (BANK-015): encryption rotation re-encrypts real rows and leaves them decryptable and un-reindexed (25.97725ms)
✔ TC-076 (BANK-015): lookup rotation rewrites index and key id together, and the unique constraint holds (6.723584ms)
✔ TC-076 (BANK-015): a duplicate is still refused while the ring is half rotated (6.03475ms)
✔ TC-076 (BANK-015): an interrupted rotation resumes and finishes on real rows (8.174625ms)
✔ the CLI exits 1 when the rotation ran and rows failed (104.094416ms)
✔ Supplier consumes the ready Business Master contract without owning its catalog (14.478ms)
✔ 0029 and 0030 create the exact Supplier root and owned gram schema and converge on rerun (15.082042ms)
✔ 0035 gives the database the one-pending-request guarantee and converges on rerun (9.715291ms)
✔ 0036 seeds the settings singleton once and a rerun neither duplicates nor resets it (6.153417ms)
✔ 0037 creates the Bank table with no plaintext column and converges on rerun (14.17075ms)
✔ 0037's compatibility assertion actually rejects a hand-divergent Bank table (114.658666ms)
✔ indexed name grams recall exact and near Supplier names without making a blocking decision (16.416958ms)
✔ TASK-042: the two migrations converge on rerun and refuse a hand-divergent table (845.95625ms)
✔ TASK-042: the database itself enforces the applied marker and keeps rows when a job is deleted (2.848333ms)
✔ TASK-042: a worker claims only queued or lease-expired jobs, oldest first, and skips invalid rows (8.279084ms)
✔ TASK-042: a row's Supplier, audit and applied marker commit together, or none of them does (15.885875ms)
✔ TASK-042: a row applied before a crash is not applied again, and the job resumes after the lease expires (8.956875ms)
✔ TASK-042: job counts are rebuilt from rows, and a job with pending rows cannot be finalized (6.200875ms)
✔ TASK-042: a queued job without a confirmer fails instead of jumping the queue, and a running job without a lease is resumable (5.148625ms)
✔ TASK-042: a claim skips a job another transaction holds instead of waiting for it (2.174875ms)
✔ TASK-042: every row renews the lease, applied or failed (6.368208ms)
✔ TASK-042: a worker that loses its lease while a row fails leaves that row for the new owner (6.820625ms)
✔ TASK-042: a failure that is not a domain error is stored as the fixed Supplier pair and logged once, without its message (7.27375ms)
✔ TASK-042: applyRow cannot commit the Supplier ahead of its marker (16.845ms)
✔ Supplier create atomically persists root, grams and audit while duplicate codes and audit failure leave no partial data (30.5485ms)
✔ Supplier root update and controlled Code correction enforce CAS, global uniqueness and reference guard (21.5755ms)
✔ Supplier lifecycle is atomic, idempotent at the target state and preserves delete audit (30.826375ms)
✔ Supplier core lookup keeps history visible and revalidates purchase eligibility in the caller transaction (1030.868334ms)
✔ Supplier Business Master impact checks fail closed for unclassified persisted statuses (10.139083ms)
✔ Address ownership, primary switching, concurrency and deactivation are enforced by service and MySQL (33.423584ms)
✔ Contact ownership, primary switching, concurrency and deactivation are enforced by service and MySQL (20.941167ms)
✔ Identifier normalization, global uniqueness, ownership and deletion are enforced by service and MySQL (15.102166ms)
✔ the singleton reads back as typed values against real MySQL (9.521208ms)
✔ an update bumps the version and writes an audit row the real schema accepts (6.296291ms)
✔ a stale version is refused before any write reaches MySQL (1.937333ms)
✔ getActivationPolicy reads the caller's own transaction and its FOR SHARE is valid SQL (1.3835ms)
✔ an in-flight activation read blocks a concurrent settings write until it finishes (1004.786667ms)
✔ the real audit recorder accepts a settings update and stores before/after (7.36775ms)
✔ turning the approval policy off does not decide an already pending request (9.947041ms)
✔ an in-flight settings write blocks a concurrent activation read until it finishes (1007.957167ms)
✔ create, list, get, update, assign roles, disable and enable walk through with one audit row each (1402.800375ms)
✔ an actor holding only user.mgmt cannot grant themselves system-admin (630.6865ms)
✔ a stale actor permission set is rejected before anything else runs (507.9975ms)
✔ creating a user whose name is already taken returns 409 without a stray audit row (791.41625ms)
✔ creating a user trims outer whitespace from username before it is stored (702.694666ms)
✔ user.update audit row records the request's X-Request-Id and client IP (604.263625ms)
✔ only one of two concurrent requests can disable the last two active admins (708.413667ms)
✔ creating a user without an initial password is rejected by schema validation, not the password policy (597.718792ms)
✔ TASK-023 Allocation commands expose strict, idempotent, operation-authorized contracts (35.159708ms)
✔ TASK-023 Allocation handlers bind owner/version/source and never accept caller permission names (0.413958ms)
✔ TASK-022 Allocation release reduces only its bucket hold and replays once (2.642834ms)
✔ TASK-022 releases two Allocation rows sharing one Balance without a stale version (0.31ms)
✔ TASK-022 releases 100 lines with a replay summary below the operation limit (2.002917ms)
✔ TASK-022 Allocation release rolls back all writes if required Audit fails (0.435167ms)
✔ TASK-022 Reallocate atomically moves a hold to the recommended destination (1.756083ms)
✔ TASK-022 Reallocate rolls back the old Allocation if the destination is stale (0.2845ms)
✔ TASK-022 source cancel releases active Allocation holds and all Reservation outstanding (0.435416ms)
✔ InventoryAuditService requires its collaborators and a caller-owned connection (1.196292ms)
✔ InventoryAuditService writes required success audit on the caller transaction (0.837791ms)
✔ InventoryAuditService writes nullable actors and default metadata without inventing values (0.104666ms)
✔ InventoryAuditService propagates required success audit failure (0.111083ms)
✔ InventoryAuditService rejects non-allowlisted actions and summaries (0.2215ms)
✔ InventoryAuditService accepts Receipt quantity and minimum-life evidence (0.089ms)
✔ InventoryAuditService accepts bounded Allocation and Issue quantity evidence (0.089084ms)
✔ InventoryAuditService records rejection and failure after rollback without a success projection (0.143375ms)
✔ InventoryAuditService falls back to a safe structured log when failure audit cannot be written (0.176417ms)
✔ InventoryAuditService scrubs invalid fields from fallback diagnostics (0.08575ms)
✔ Inventory config normalizes and freezes the approved defaults (1.416791ms)
✔ Inventory config rejects unsafe limits and unapproved feature flags (0.192792ms)
✔ TASK-018 every Core endpoint fails closed for missing, unauthorized and stale actors (2.538708ms)
✔ TASK-018 every Core endpoint keeps strict inputs and sensitive fields out of responses (0.993584ms)
✔ TASK-018 Bin endpoints carry the Warehouse owner in every child path (0.095958ms)
✔ Expiry date is the final usable APP_TIME_ZONE local date (1.335291ms)
✔ Minimum remaining life uses date-only calendar arithmetic (0.079167ms)
✔ Expiry rules reject malformed dates and minimum-life values (0.241916ms)
✔ Inventory permissions are explicit and are not inherited by system-admin (1.2885ms)
✔ Inventory domain allowlists are frozen, unique and contain the approved values (0.092708ms)
✔ Inventory public errors use only the stable allowlist (0.210083ms)
✔ TASK-016 inquiry routes expose strict read-only inventory.view contracts (1.250833ms)
✔ TASK-016 inquiry schemas compile and bound every paginated list to 100 rows (43.865167ms)
✔ TASK-016 handlers pass only validated params and query values to the inquiry service (0.250959ms)
✔ TASK-016 source lookup constructs the complete exact tuple (0.12775ms)
✔ TASK-016 Stock inquiry uses bounded filters, exact search priority and explicit projections (2.667333ms)
✔ TASK-023 Reservation list filters uncovered scope and returns an allowlisted quantity breakdown (0.369417ms)
✔ TASK-023 Reservation detail scopes Allocation children and rejects unknown IDs (0.358458ms)
✔ TASK-016 Stock inquiry rejects non-allowlisted sorting before querying (0.617583ms)
✔ TASK-016 Stock filters bound lot, expiry and zero-ATP results without raw SQL input (0.197375ms)
✔ TASK-016 Stock expiry and no-stock states generate distinct bounded predicates (0.105ms)
✔ TASK-016 rejects malformed inquiry filters before issuing a query (0.426083ms)
✔ TASK-016 pagination rejects an offset that cannot be represented safely (0.06075ms)
✔ TASK-016 Stock summary keeps ATP and status quantities separate (0.161875ms)
✔ TASK-017 Stock aggregate list paginates complete SKU totals before bucket drill-down (0.130875ms)
✔ TASK-016 Stock detail returns one bucket and recent source-linked movements (0.197958ms)
✔ TASK-016 Lot inquiry applies expiry filters and reports current Base UOM totals (0.119708ms)
✔ TASK-016 Movement inquiry keeps fixed history order and source snapshots (0.105667ms)
✔ TASK-018 Movement count skips the operation join when no source filter needs it (0.055209ms)
✔ TASK-016 Movement detail returns group legs and both reversal links (0.087084ms)
✔ TASK-016 exact operation source lookup delegates without enumeration (0.061583ms)
✔ TASK-022 Issue consumes matching Allocations and persists one Movement per line (3.9165ms)
✔ TASK-023 Fulfillment Issue provider posts without Inventory management permission (0.330875ms)
✔ TASK-022 Issue rejects Allocation/Balance mismatch without a partial posting (0.366333ms)
✔ TASK-022 Issue advances one Balance version across two matching Allocations (0.312208ms)
✔ TASK-022 Issue rejects an expired Lot and a Stocktake-locked Bin (0.333083ms)
✔ TASK-022 Issue enforces Reservation minimum remaining life (0.171167ms)
✔ TASK-022 Issue rolls back Balance, Reservation, Allocation and Movement when Audit fails (0.277417ms)
✔ InventoryLockService deduplicates, sorts and acquires every lock stage in the fixed order (1.847542ms)
✔ InventoryLockService requires a transaction executor and validates lock keys (0.306583ms)
✔ InventoryLockService maps MySQL deadlocks and lock timeouts to CONCURRENT_OPERATION (0.145417ms)
✔ TASK-018 post-Lot Balance lock maps an asynchronous timeout to CONCURRENT_OPERATION (0.098958ms)
✔ InventoryLockService tolerates only the pre-Stocktake absence of semantic lock tables (0.174041ms)
✔ InventoryLockService locks a Balance only after its Lot identity is known (0.086708ms)
✔ TASK-010 Warehouse and Bin routes expose the designed strict contract (1.2905ms)
✔ TASK-010 route paths, auth strength and mutable command inputs are fixed (0.124667ms)
✔ TASK-010 list schemas expose bounded pagination, allowlisted sorting and Bin lock status (0.055875ms)
✔ TASK-010 request and response schemas compile under the production validators (27.658542ms)
✔ TASK-010 handlers map validated owner IDs and request metadata to the domain service (0.294459ms)
✔ Inventory master inspector reports an absent schema (0.752375ms)
✔ Inventory master migration rejects an incompatible partial schema before DDL (0.269542ms)
✔ InventoryMasterService normalizes a Warehouse code and records its Audit (1.619ms)
✔ InventoryMasterService maps normalized Warehouse and Bin duplicates (0.454083ms)
✔ InventoryMasterService ignores Movement history for deactivate but blocks permanent delete (0.380167ms)
✔ InventoryMasterService blocks Warehouse deactivate on current state (0.161542ms)
✔ InventoryMasterService blocks Bin deactivate on current state (0.433875ms)
✔ InventoryMasterService rejects Bin create and reactivate under an inactive Warehouse (0.159208ms)
✔ InventoryMasterService rejects stale versions before any write (0.210666ms)
✔ InventoryMasterService rejects a write when fresh management permission is absent (0.119458ms)
✔ InventoryMasterService rolls a create back when required Audit fails (0.177083ms)
✔ InventoryMasterService applies allowlisted Warehouse sorting with an id tie-breaker (0.189ms)
✔ InventoryMasterService filters Bin lock status and returns a locked projection (0.194791ms)
✔ InventoryMasterService returns owner-safe Bin detail with its current lock (0.565375ms)
✔ Inventory operation hash is canonical and includes command type (1.009292ms)
✔ Inventory operation hash excludes authentication secrets but keeps business fields (0.087041ms)
✔ InventoryOperationService claims the source tuple atomically (1.723791ms)
✔ InventoryOperationService replays only a completed matching source claim (0.260166ms)
✔ InventoryOperationService distinguishes source conflict from an in-flight duplicate (0.322666ms)
✔ InventoryOperationService completes and finds a safe result by exact source (0.177417ms)
✔ InventoryOperationService refuses secrets in durable result summaries (0.089625ms)
✔ InventoryOperationService accepts the scalar Receipt replay projection (0.089416ms)
✔ InventoryOperationService refuses a second completion and hides incomplete lookup rows (0.084875ms)
✔ TASK-021 ranks expiry lots before lot and no-lot FIFO with stable bin and balance ties (1.332042ms)
✔ TASK-021 candidate query is scoped, eligible, versioned and bounded (0.96175ms)
✔ TASK-025 candidate validation rejects invalid bounds before querying (0.465916ms)
✔ TASK-025 candidates fail closed on corrupt quantity and identity rows (0.279ms)
✔ TASK-025 pre-Stocktake candidate fallback is allowed only when both P3 tables are absent (0.56675ms)
✔ TASK-025 FIFO candidates retain bounded offset and caller lock semantics (0.149792ms)
✔ TASK-014 Receipt route exposes the strict operation contract (22.68975ms)
✔ TASK-014 Receipt handler maps trusted actor and source into a fixed command context (0.31025ms)
✔ TASK-023 direct Issue HTTP path uses Inventory operation, not Fulfillment internal permission (8.89925ms)
✔ TASK-014 Receipt converts Pack UOM and atomically updates Balance, Movement, Audit and operation (3.229125ms)
✔ TASK-014 completed source replays without another quantity effect (0.572959ms)
✔ TASK-014 same source with different receipt content conflicts (0.555334ms)
✔ TASK-014 posts each allowlisted manual stock status (0.324333ms)
✔ TASK-014 injected failures leave no partial current state, Movement, Audit or operation (0.491958ms)
✔ TASK-014 fails closed for unusable, untracked and serial SKUs and inactive locations (0.37275ms)
✔ TASK-014 records exact minimum-life override evidence and rejects conflicting Lot data (0.63525ms)
✔ TASK-014 never overrides expired Lots and rejects mismatched override evidence (0.19575ms)
✔ TASK-015 Receiving contract owns authorization and source mapping (0.383417ms)
✔ TASK-015 Customer Return contract fixes permission, source and QUARANTINED status (0.169125ms)
✔ TASK-015 caller and Inventory writes share one transaction boundary (0.2305ms)
✔ TASK-015 fails closed for missing transaction, revoked permission and unavailable Item (0.167292ms)
✔ Stock bucket projection keeps each quantity meaning explicit (1.2135ms)
✔ Stock bucket projection fails closed on impossible quantity state (0.179375ms)
✔ Stock bucket projection distinguishes absent lots and rejects invalid identifiers and expiry flags (0.111709ms)
✔ Stock summary projection separates on-hand, reserved, ATP, status and transit quantities (0.058375ms)
✔ Stock summary projection fails closed when a required quantity alias is missing (0.047333ms)
✔ Movement projection uses immutable snapshots instead of current master values (0.099125ms)
✔ Movement projection preserves nullable ledger fields and refuses a zero quantity (0.077375ms)
✔ TASK-023 Sales/Fulfillment providers fix permission and source without inventory.operation (2.783125ms)
✔ TASK-023 provider rejects caller authorization and revoked permission (0.240166ms)
✔ TASK-023 Fulfillment candidates require fresh downstream permission and do not write (0.258625ms)
✔ TASK-023 malformed provider payloads never authorize or claim an operation (1.174458ms)
✔ Inventory quantities accept only positive safe Base UOM integers (0.827584ms)
✔ Pack conversion uses integer factors and rejects Base UOM overflow (0.106917ms)
✔ ATP is clamped while uncovered reservations remain explicit (0.617625ms)
✔ TASK-023 Reservation create exposes a strict idempotent operation contract (19.849292ms)
✔ TASK-023 allocation candidates are a read-only, operation-authorized query (8.028083ms)
✔ TASK-023 Reservation create maps trusted actor, fixed permission, source and payload (0.208333ms)
✔ TASK-023 Reservation release and cancel bind path owner, version and source (14.767292ms)
✔ TASK-023 Reservation list and detail expose read-only inventory.view contracts (31.40125ms)
✔ TASK-020 SALE Reservation uses the stricter SKU life and returns uncovered quantity (2.774917ms)
✔ TASK-020 rejects insufficient raw ATP before Reservation writes (0.398875ms)
✔ TASK-020 partial release and cancel preserve the quantity equation and terminal state (0.812459ms)
✔ TASK-020 Audit failure rolls back Reservation and Stock Control together (0.201625ms)
✔ TASK-023 Sales release provider commits and rolls back with caller transaction (0.285417ms)
✔ TASK-021 allocates the recommended buckets without reducing On Hand (1.285959ms)
✔ TASK-023 Fulfillment allocation provider needs only downstream permission (0.229542ms)
✔ TASK-021 FEFO deviation needs fresh specialist permission and audited reason (0.515875ms)
✔ TASK-021 FIFO deviation needs a reason but not FEFO specialist permission (0.26425ms)
✔ TASK-021 candidate inquiry returns bounded eligible free quantities and versions without writes (0.255375ms)
✔ TASK-021 Allocation replay returns the original lines without new writes (0.20475ms)
✔ TASK-021 Allocation rejects stale or locked buckets and rolls back Audit failure (0.409792ms)
✔ TASK-021 same Lot across Bins remains separate and cannot exceed unallocated Reservation (0.322916ms)
✔ fake Inventory transactions can fail at every required boundary without committing state (1.679875ms)
✔ Inventory barrier releases two independently-started connection flows together (0.135125ms)
✔ Inventory command fixtures are valid independent values (0.087375ms)
✔ Inventory internal command context requires and returns the caller-owned transaction contract (1.649666ms)
✔ Inventory internal command authorization must match the service-owned contract (0.108625ms)
✔ Inventory internal command context rejects unknown fields and authentication secrets (0.1105ms)
✔ Inventory internal command context accepts an identified service actor (0.073625ms)
✔ Inventory Lot input follows the current SKU tracking policy (0.929792ms)
✔ Inventory Lot input rejects missing, forbidden, serial and inconsistent data (0.195584ms)
✔ An existing SKU Lot identity rejects date changes or backfill (0.12525ms)
✔ Inventory Stock Status accepts only the fixed business allowlist (0.067791ms)
✔ ItemAuditLogService constructor requires database, logger and time (0.779292ms)
✔ record writes into item_audit_logs, defaulting reason and detail (1.354792ms)
✔ record writes the caller's requestId and ip instead of the empty-string default (0.070083ms)
✔ record accepts a null actorUserId and targetId (0.050292ms)
✔ record keeps the reason text verbatim (0.05875ms)
✔ record serializes detail as JSON (0.095291ms)
✔ record uses the connection it was given, not the constructor's database (0.062083ms)
✔ record truncates a detail payload larger than 4KB and warns (0.109625ms)
✔ record keeps a detail payload right at the 4KB boundary untouched (0.082625ms)
✔ every category route lives under /api/v1/catalog (0.812416ms)
✔ GET accepts item.view or item.mgmt; every write requires item.mgmt (0.679875ms)
✔ archive, restore and delete require jwt-password; create/update/activate/deactivate/list don't (0.069875ms)
✔ archive/restore/delete require a password field in the body schema; activate/deactivate do not (0.068792ms)
✔ create/update do not accept a body-level status field — status only changes through its own endpoint (0.036125ms)
✔ listCategories reads includeArchived from the query string (0.98475ms)
✔ createCategory returns 201 with the created category (0.94275ms)
✔ updateCategory passes the full body (including nullable parentId) and the path id through (0.302042ms)
✔ a stale version surfaces as a 409 VERSION_CONFLICT through the handler (0.30175ms)
✔ activate/deactivate/archive/restore each call their own service method with reason and version (0.426958ms)
✔ deleteCategory returns just the id, and records the caller's reason (0.175042ms)
✔ every response schema forbids additional properties (no accidental internal-column leakage) (0.045833ms)
✔ every brand route lives under /api/v1/catalog/brands, with the same permission matrix as category (0.1185ms)
✔ listBrands maps page/pageSize/q/status/sortBy/descending, capping pageSize at 100 (4.462417ms)
✔ createBrand returns 201; updateBrand requires the full editable set plus version (0.483ms)
✔ brand duplicate name surfaces as 409 BRAND_NAME_TAKEN through the handler (0.240125ms)
✔ brand status/delete handlers each call their own service method (0.498292ms)
✔ every brand response schema forbids additional properties (0.041917ms)
✔ every uom route lives under /api/v1/catalog/uoms, with the same permission matrix as category (0.109875ms)
✔ listUoms is not paginated (no page/pageSize in its query schema) (0.028667ms)
✔ updateUom's request schema does not accept a code field — code is immutable after creation (0.021375ms)
✔ createUom returns 201; a duplicate code surfaces as 409 UOM_CODE_TAKEN (0.319583ms)
✔ uom status/delete handlers each call their own service method (0.2745ms)
✔ every uom response schema forbids additional properties (0.036792ms)
✔ constructor requires database, logger, time and a positive integer categoryMaxDepth (1.389791ms)
✔ loadCategoryTree nests children under parents and excludes archived by default (5.085ms)
✔ loadCategoryTree includes archived nodes when includeArchived is true (0.110334ms)
✔ a category whose parent got filtered out (e.g. archived, hidden by default) surfaces as top-level (0.073416ms)
✔ createCategory creates a root category and records an audit row (0.868208ms)
✔ createCategory rejects a duplicate name under the same parent, case-insensitively (0.249167ms)
✔ createCategory allows the same name under a different parent (0.114875ms)
✔ createCategory rejects an inactive parent (0.084167ms)
✔ createCategory rejects an unknown parentId (0.08725ms)
✔ createCategory allows exactly the 8th level, and rejects the 9th (0.142166ms)
✔ updateCategory renames and bumps version, recording a before/after audit detail (0.805ms)
✔ updateCategory rejects a stale version without writing (0.128209ms)
✔ updateCategory rejects an unknown id (0.071042ms)
✔ updateCategory moves a category under a new active parent (0.158708ms)
✔ updateCategory rejects moving a category to be its own parent (0.083833ms)
✔ updateCategory rejects moving a category under its own descendant (0.066791ms)
✔ updateCategory rejects moving under an inactive parent (0.059625ms)
✔ updateCategory rejects a move that would push the mover's own descendants past the depth ceiling (0.085583ms)
✔ updateCategory allows moving to root level and re-validates the resulting depth (0.29425ms)
✔ activateCategory moves inactive to active (0.267958ms)
✔ deactivateCategory moves active to inactive (0.120875ms)
✔ a status transition that isn't allowed from the current status is rejected (0.185125ms)
✔ archiveCategory works from both active and inactive (0.139959ms)
✔ restoreCategory only returns to inactive, never straight to active (0.105792ms)
✔ a status transition with a stale version is a VERSION_CONFLICT, not a STATUS_TRANSITION_INVALID (0.087167ms)
✔ deleteCategory removes an unreferenced, childless category and records the reason (0.152917ms)
✔ deleteCategory rejects a category that still has children (0.088083ms)
✔ deleteCategory with a stale version leaves the row untouched (0.064708ms)
✔ every write uses the transaction's connection for its audit row, not a second connection (0.056541ms)
✔ createBrand creates an active brand and records an audit row (0.146625ms)
✔ createBrand rejects a duplicate name case-insensitively (0.14475ms)
✔ listBrands paginates, filters by status and search term, and sorts (0.390708ms)
✔ updateBrand renames and bumps version, rejecting a stale version without writing (0.215375ms)
✔ brand status transitions follow the same active/inactive/archived rules as category (0.234708ms)
✔ deleteBrand removes the row and records the reason; a stale version leaves it untouched (0.137375ms)
✔ deleteBrand maps a wrapped MySQL FK reference failure to CATALOG_IN_USE without audit (0.145542ms)
✔ brand operations on an unknown id raise BRAND_NOT_FOUND (0.060667ms)
✔ createUom creates an active unit and records an audit row (0.122625ms)
✔ createUom rejects a duplicate code case-insensitively (0.1345ms)
✔ listUoms is not paginated, and excludes archived by default (0.113584ms)
✔ updateUom changes name/symbol but never accepts a code parameter to change (0.136417ms)
✔ uom status transitions and controlled delete behave like category/brand (0.217667ms)
✔ deleteUom maps a MySQL FK reference failure to CATALOG_IN_USE without audit (0.140916ms)
✔ deleteUom reports an unknown reference when the raced dependency is already gone (0.107666ms)
✔ createAttribute creates a single_option attribute with its options in one call (0.302375ms)
✔ createAttribute rejects a duplicate code (0.175792ms)
✔ createAttribute rejects a single_option attribute with no options (0.056917ms)
✔ createAttribute rejects options on a non single_option attribute (0.047917ms)
✔ createAttribute rejects a duplicate option value within the same request (0.056ms)
✔ createAttribute rejects uomId on a non-decimal attribute, and requires an existing UOM otherwise (0.151083ms)
✔ listAttributes paginates and attaches each attribute's options (0.197834ms)
✔ updateAttribute renames and atomically overwrites the option set (add/update/remove) (0.368916ms)
✔ updateAttribute rejects an option id that doesn't belong to this attribute (0.551416ms)
✔ updateAttribute rejects a stale version without writing (0.077542ms)
✔ updateAttribute locks isVariant once the attribute is used by a SKU's variant values (0.123875ms)
✔ attribute status transitions and delete behave like category/brand/uom (0.268792ms)
✔ deleteAttribute is blocked while a category rule or SKU value still references it (0.149584ms)
✔ getCategoryAttributes returns the current assignment (0.107083ms)
✔ assignAttributes atomically overwrites the mapping (add/update/remove) and records one audit row (0.325292ms)
✔ assignAttributes rejects a stale expectedAttributeIds without writing (0.071458ms)
✔ assignAttributes rejects a duplicate attributeId within the same request (0.060334ms)
✔ accepts the documented default shape and freezes the result (0.829667ms)
✔ rejects a non-object source (0.192458ms)
✔ resolves a relative mediaDirectory to a controlled absolute path under the server root (0.1335ms)
✔ keeps an already-absolute mediaDirectory as-is (0.066666ms)
✔ rejects an empty or blank mediaDirectory (0.054208ms)
✔ resolves a relative importDirectory to a controlled absolute path under the server root (0.053375ms)
✔ keeps an already-absolute importDirectory as-is (0.044166ms)
✔ rejects an empty or blank importDirectory (0.052708ms)
✔ importDirectory and mediaDirectory stay independent even when one is overridden (0.068708ms)
✔ rejects zero, negative and non-integer values for "categoryMaxDepth" (0.0775ms)
✔ rejects zero, negative and non-integer values for "imageMaxBytes" (0.054042ms)
✔ rejects zero, negative and non-integer values for "attachmentMaxBytes" (0.06475ms)
✔ rejects zero, negative and non-integer values for "mediaOrphanGraceMs" (0.06525ms)
✔ rejects zero, negative and non-integer values for "importMaxRows" (0.0655ms)
✔ rejects zero, negative and non-integer values for "importBatchSize" (0.064959ms)
✔ rejects zero, negative and non-integer values for "importTransactionTimeoutMs" (0.123084ms)
✔ rejects categoryMaxDepth above the safety ceiling (0.046167ms)
✔ rejects imageMaxBytes/attachmentMaxBytes above the 100MB safety ceiling (0.067167ms)
✔ rejects mediaOrphanGraceMs above the 30-day safety ceiling (0.061333ms)
✔ rejects importMaxRows above the safety ceiling (0.042958ms)
✔ rejects importTransactionTimeoutMs above the 10-minute NFR-004 ceiling (0.050625ms)
✔ rejects an importBatchSize larger than importMaxRows (0.057ms)
✔ an importBatchSize equal to importMaxRows is allowed (0.032625ms)
✔ SKU_CODE_INVALID is an ApplicationError with statusCode 400, matching public/internal code, and a Chinese public message (0.928334ms)
✔ GTIN_INVALID is an ApplicationError with statusCode 400, matching public/internal code, and a Chinese public message (0.06975ms)
✔ UOM_CONVERSION_INVALID is an ApplicationError with statusCode 400, matching public/internal code, and a Chinese public message (0.04125ms)
✔ SKU_CHILD_MISMATCH is an ApplicationError with statusCode 400, matching public/internal code, and a Chinese public message (0.0315ms)
✔ ATTRIBUTE_VALUE_INVALID is an ApplicationError with statusCode 400, matching public/internal code, and a Chinese public message (0.045666ms)
✔ ITEM_NOT_FOUND is an ApplicationError with statusCode 404, matching public/internal code, and a Chinese public message (0.050375ms)
✔ SKU_NOT_FOUND is an ApplicationError with statusCode 404, matching public/internal code, and a Chinese public message (0.039209ms)
✔ CATEGORY_NOT_FOUND is an ApplicationError with statusCode 404, matching public/internal code, and a Chinese public message (0.030708ms)
✔ BRAND_NOT_FOUND is an ApplicationError with statusCode 404, matching public/internal code, and a Chinese public message (0.041625ms)
✔ UOM_NOT_FOUND is an ApplicationError with statusCode 404, matching public/internal code, and a Chinese public message (0.029833ms)
✔ ATTRIBUTE_NOT_FOUND is an ApplicationError with statusCode 404, matching public/internal code, and a Chinese public message (0.029625ms)
✔ SKU_CODE_TAKEN is an ApplicationError with statusCode 409, matching public/internal code, and a Chinese public message (0.045375ms)
✔ BARCODE_TAKEN is an ApplicationError with statusCode 409, matching public/internal code, and a Chinese public message (0.029083ms)
✔ VARIANT_COMBINATION_TAKEN is an ApplicationError with statusCode 409, matching public/internal code, and a Chinese public message (0.040625ms)
✔ STANDARD_ITEM_SKU_LIMIT is an ApplicationError with statusCode 409, matching public/internal code, and a Chinese public message (0.036584ms)
✔ VERSION_CONFLICT is an ApplicationError with statusCode 409, matching public/internal code, and a Chinese public message (0.038708ms)
✔ STATUS_TRANSITION_INVALID is an ApplicationError with statusCode 409, matching public/internal code, and a Chinese public message (0.022333ms)
✔ LAST_ACTIVE_SKU is an ApplicationError with statusCode 409, matching public/internal code, and a Chinese public message (0.025125ms)
✔ ITEM_REFERENCED is an ApplicationError with statusCode 409, matching public/internal code, and a Chinese public message (0.025ms)
✔ SKU_REFERENCED is an ApplicationError with statusCode 409, matching public/internal code, and a Chinese public message (0.036ms)
✔ CATALOG_IN_USE is an ApplicationError with statusCode 409, matching public/internal code, and a Chinese public message (0.035458ms)
✔ CATEGORY_HAS_CHILDREN is an ApplicationError with statusCode 409, matching public/internal code, and a Chinese public message (0.032209ms)
✔ CATEGORY_NAME_TAKEN is an ApplicationError with statusCode 409, matching public/internal code, and a Chinese public message (0.026625ms)
✔ BRAND_NAME_TAKEN is an ApplicationError with statusCode 409, matching public/internal code, and a Chinese public message (0.377792ms)
✔ UOM_CODE_TAKEN is an ApplicationError with statusCode 409, matching public/internal code, and a Chinese public message (0.033875ms)
✔ CATEGORY_CYCLE is an ApplicationError with statusCode 400, matching public/internal code, and a Chinese public message (0.033584ms)
✔ CATEGORY_MAX_DEPTH_EXCEEDED is an ApplicationError with statusCode 400, matching public/internal code, and a Chinese public message (0.024625ms)
✔ CATEGORY_PARENT_NOT_ACTIVE is an ApplicationError with statusCode 409, matching public/internal code, and a Chinese public message (0.026208ms)
✔ UOM_CHANGE_BLOCKED is an ApplicationError with statusCode 409, matching public/internal code, and a Chinese public message (0.02575ms)
✔ TRACKING_POLICY_CHANGE_BLOCKED is an ApplicationError with statusCode 409, matching public/internal code, and a Chinese public message (0.025833ms)
✔ ITEM_NOT_ACTIVATABLE is an ApplicationError with statusCode 422, matching public/internal code, and a Chinese public message (0.025417ms)
✔ IMPORT_NOT_READY is an ApplicationError with statusCode 409, matching public/internal code, and a Chinese public message (0.025458ms)
✔ IMPORT_STATE_CONFLICT is an ApplicationError with statusCode 409, matching public/internal code, and a Chinese public message (0.029417ms)
✔ IMPORT_FILE_EXPIRED is an ApplicationError with statusCode 410, matching public/internal code, and a Chinese public message (0.039417ms)
✔ issues/details survive onto the response-facing error for the two composite factories (0.628625ms)
✔ SKU_CHILD_MISMATCH's publicDetails matches its internal details (what the HTTP response body actually carries) (0.031583ms)
✔ SKU_CODE_TAKEN's publicDetails matches its internal details (what the HTTP response body actually carries) (0.022125ms)
✔ BARCODE_TAKEN's publicDetails matches its internal details (what the HTTP response body actually carries) (0.019708ms)
✔ STATUS_TRANSITION_INVALID's publicDetails matches its internal details (what the HTTP response body actually carries) (0.023917ms)
✔ ITEM_REFERENCED's publicDetails matches its internal details (what the HTTP response body actually carries) (0.018917ms)
✔ SKU_REFERENCED's publicDetails matches its internal details (what the HTTP response body actually carries) (0.018208ms)
✔ CATALOG_IN_USE's publicDetails matches its internal details (what the HTTP response body actually carries) (0.01825ms)
✔ CATEGORY_NAME_TAKEN's publicDetails matches its internal details (what the HTTP response body actually carries) (0.018583ms)
✔ BRAND_NAME_TAKEN's publicDetails matches its internal details (what the HTTP response body actually carries) (0.019917ms)
✔ UOM_CODE_TAKEN's publicDetails matches its internal details (what the HTTP response body actually carries) (0.018083ms)
✔ CATEGORY_MAX_DEPTH_EXCEEDED's publicDetails matches its internal details (what the HTTP response body actually carries) (0.019125ms)
✔ ITEM_NOT_ACTIVATABLE's publicDetails matches its internal details (what the HTTP response body actually carries) (0.020583ms)
✔ PERMISSION_STALE is deliberately not defined here; it is reused from adminGuard (0.020083ms)
✔ the job submits itself with cluster scope, since the import volume is shared across instances (1.58425ms)
✔ ItemImportFileCleanupJob is discovered by the ordinary service mechanism (52.323667ms)
✔ no candidates: 清一次乜都冇做 (0.706667ms)
✔ 未過 1 年保留期嘅 job 唔會被刪 (3.6885ms)
✔ 啱好過咗 UTC 週年日：原始檔＋結果檔都刪，並標記 files_purged_at (1.453458ms)
✔ resultStoredName 係 NULL：只刪原始檔一個 (0.622583ms)
✔ completedAt 係 null：跌返用 updatedAt 計到期日 (0.502667ms)
✔ symlink 唔會被跟隨或刪除，計做刪除失敗，唔標記 files_purged_at (0.83975ms)
✔ 其中一個檔案刪唔到：files_purged_at 唔會被標記，容許安全重跑 (0.88775ms)
✔ markImportFilesPurged 回 false（另一個 instance 已經搶先標記）：計做 racedAway，唔算失敗 (0.527583ms)
✔ 重跑一次（檔案已經唔存在）：unlink 視為成功，唔會拋錯 (0.333166ms)
✔ 路徑逃出受控 import root：拒絕刪除，計做失敗 (0.6355ms)
✔ signal 已經 aborted：中途停低，唔再處理之後嘅 candidate (0.656042ms)
✔ BOM 會被移除，唔會混入第一個欄位名 (2.708167ms)
✔ quoted comma／換行喺欄位值入面會原樣保留 (0.352375ms)
✔ Unicode 內容原樣通過 (0.539833ms)
✔ 未知欄位唔會令解析或驗證失敗，已知欄位一樣讀得到 (0.2ms)
✔ 完全解析唔到嘅 CSV 回 job-level error，唔係拋錯 (0.217083ms)
✔ 冇任何資料列回 CSV_EMPTY (0.092667ms)
✔ 超過 maxRows 回 CSV_TOO_MANY_ROWS，唔會逐列驗證 (0.267958ms)
✔ Create 列缺必填欄位：REQUIRED_FIELD，status invalid (0.1995ms)
✔ 欄位超過長度上限：FIELD_TOO_LONG，但值會截斷唔會整份 crash (0.228666ms)
✔ Create 列 skuCode 含 ASCII 控制字元：沿用 API 的 SKU_CODE_INVALID domain 規則 (0.204792ms)
✔ categoryName／brandName／baseUomCode 查唔到：對應嘅 NOT_FOUND (0.739125ms)
✔ categoryName 對應多過一個分類（同名唔同 parent）：CATEGORY_NAME_AMBIGUOUS (0.165917ms)
✔ skuCode 已經存在於 DB：SKU_CODE_TAKEN (0.159541ms)
✔ 同一份 CSV 入面兩列用相同 skuCode：SKU_CODE_DUPLICATED_IN_FILE (0.204125ms)
✔ Update 列：mode 係 create_only 就 MODE_MISMATCH (0.264458ms)
✔ Update 列：skuId 唔存在，SKU_NOT_FOUND (0.203958ms)
✔ Update 列：冇提供 expectedSkuVersion，REQUIRED_FIELD (0.178208ms)
✔ Update 列：skuCode 同配對到嘅 SKU 現況唔一致，係 warning 唔係 error，唔會擋住成列 (0.327417ms)
✔ Update 列合法：operation=update，match_sku_id／expectedSkuVersion 填好，唔驗 Item 相關欄位 (0.199709ms)
✔ defaultTrackingPolicy 唔識嘅值：TRACKING_POLICY_INVALID；空白預設 none (0.328208ms)
✔ suggestedPriceAmount 格式錯誤：SUGGESTED_PRICE_INVALID；空白視為未提供 (0.305667ms)
✔ purchasable／sellable 只接受 true／false 字面值；空白預設 true (0.376666ms)
✔ counts 正確反映 valid／warning／invalid 列數 (0.22425ms)
✔ ItemLookupService constructor requires database, logger and time (0.930292ms)
✔ findById 搵唔到就回 null，唔會多打一次 UOM query (0.173084ms)
✔ findById 搵到就回完整 projection，連 UOM 一齊 (0.778833ms)
✔ findByCode 用返 sku_code 查 (0.653542ms)
✔ findByBarcode 搵到一個就正常回 projection (0.143667ms)
✔ findByBarcode 撞到一個以上：拋 BARCODE_LOOKUP_INCONSISTENT，記 error log，唔會攞第一筆將貨 (0.17975ms)
✔ findByBarcode 對數字條碼剝走空格／連字號先查 (0.106084ms)
✔ findManyByIds 對 100 個 id 都係固定兩條 query，唔逐個查 (0.105666ms)
✔ findManyByIds 搵唔到嘅 id 唔會出現喺個 map 度 (0.0605ms)
✔ findManyByIds 空陣列完全唔打 DB (0.036625ms)
✔ assertUsable：SKU 唔存在拋 SKU_NOT_FOUND (0.082667ms)
✔ assertUsable：存在但唔啱 purpose 拋 SKU_NOT_USABLE，帶埋 reasons (0.231042ms)
✔ assertUsable：啱就返個 projection (0.047125ms)
✔ purchase：Item 同 SKU 都 active、purchasable、喺有效期內 → usable (0.04625ms)
✔ purchase：SKU discontinued 就拒絕 (0.371625ms)
✔ purchase：purchasable=false 就拒絕 (0.047625ms)
✔ purchase：唔喺 effective 範圍內就拒絕 (0.046667ms)
✔ purchase：帶明確 atMs 就用嗰個時間，唔用 time.nowMs() (0.056917ms)
✔ sale：Item active、SKU discontinued 都算 usable（清貨） (0.047792ms)
✔ sale：Item 同 SKU 都 discontinued 都算 usable (0.043875ms)
✔ sale：Item active、SKU draft 唔算 usable (0.04075ms)
✔ sale：sellable=false 就拒絕 (0.035083ms)
✔ inventory：inventoryTracked、Active、未封存 → usable (0.0345ms)
✔ inventory：inventoryTracked=false 就拒絕 (0.043083ms)
✔ inventory：Inactive 冇帶 includeInactive 就拒絕 (0.034ms)
✔ inventory：Inactive 但帶明確 includeInactive:true 就通過 (0.032375ms)
✔ inventory：Archived 就算帶 includeInactive 都唔通過 (0.037625ms)
✔ 未知嘅 purpose 拋 TypeError (0.04525ms)
✔ 冇帶 purpose：淨係睇未封存 (0.032916ms)
✔ Inventory profile uses only the caller transaction and returns a narrow projection (0.124292ms)
✔ Inventory profile preserves Item lifecycle eligibility (0.062542ms)
✔ Inventory UOM resolution uses the caller transaction and validates integer factors (0.118208ms)
✔ Inventory transaction methods reject a missing executor (0.105042ms)
✔ the job submits itself with cluster scope, since the media volume is shared across instances (1.528125ms)
✔ ItemMediaCleanupJob is discovered by the ordinary service mechanism (63.097167ms)
✔ a missing media directory is a clean no-op, not an error (2.169417ms)
✔ a file still referenced by item_media is kept even though it is old (2.903667ms)
✔ an unreferenced file younger than the grace period is kept (0.939167ms)
✔ an unreferenced file older than the grace period is removed and logged (0.748542ms)
✔ symlinks inside the media root are never followed or removed, even if unreferenced and old (0.801041ms)
✔ an unlink failure is logged and counted, not thrown (0.712667ms)
✔ seedItemPerformanceFixtures：分批建立 category／brand／uom／item／sku／sku_uom／barcode，id 靠 insertId+offset 計 (1.264959ms)
✔ seedItemPerformanceFixtures：第一個 barcode 對應 base sku_uom（uom index 0） (0.1585ms)
✔ cleanupItemPerformanceFixtures：分批 SELECT＋DELETE，直到冇更多 item 先停 (0.772334ms)
✔ cleanupItemPerformanceFixtures：uomIds 空陣列就唔會執行 UOM delete (0.080708ms)
✔ Item/SKU 詳情投影已保存的 Attribute 與 Variant 值，並保留型別和 option 顯示資料 (1.696833ms)
✔ owner-waived recovery cannot be reported as an ordinary PASS (1.344583ms)
✔ recovery context fails closed for the ordinary local development schema (0.331083ms)
✔ recovery context requires an approved environment identity and restored-schema prefix (0.113042ms)
✔ recovery manifest requires a valid Ed25519 signature from the approved trust key (1.580334ms)
✔ recovery context requires explicit staging identity and matching external backup identifiers (0.087916ms)
✔ recovery context rejects unsafe or unlinked restored file evidence (0.186458ms)
✔ recovery context retains the restore-duration RTO when verification occurs later (0.125334ms)
✔ recovery verifier reconciles database, lookup, audit and restored files without writes (6.971875ms)
✔ recovery verifier fails when a restored table count or file digest differs (1.572084ms)
✔ recovery verifier fails closed on DB-to-volume linkage and recovery objective misses (1.644125ms)
✔ isDecimalString 只接受整數位不超過上限、小數位剛好指定位數的字串 (0.75825ms)
✔ decimalStringPattern 產生嘅 regex 正確涵蓋 15 位整數／4 位小數呢個邊界 (0.074875ms)
✔ isPositiveDecimalString 純睇字串有冇非零數字，唔轉做 number (0.07225ms)
✔ isBoundedUomFactor 只接受 1 到 1,000,000 之間嘅整數 (0.049541ms)
✔ assertSkuActivatable 對一個乾淨嘅 standard SKU 唔會拋錯 (0.171083ms)
✔ SKU Code／名稱空白：一次過收集埋兩個問題，唔係得一個 (0.098208ms)
✔ 父 Item 冇可用嘅 leaf category (0.584875ms)
✔ Standard SKU 唔可以有 variant signature (0.0565ms)
✔ Variant Item 嘅 SKU 一定要有 variant signature (0.059667ms)
✔ Base UOM：必須恰好一個，factor 必須係 1 (0.081292ms)
✔ 預設採購／銷售單位最多一個 (0.043292ms)
✔ UOM factor 超出 1–1,000,000 範圍 (0.039167ms)
✔ batch_expiry 必須有正整數 shelf life，min receipt／sale life 唔可以大過佢 (0.0685ms)
✔ 未知嘅 tracking policy 拒絕 (0.035083ms)
✔ Sellable SKU 必須有大於零嘅建議售價 (0.061541ms)
✔ effectiveTo 唔可以早過 effectiveFrom (0.050333ms)
✔ 同一次提交入面唔可以有重複嘅條碼 (0.048833ms)
✔ 冇條碼嘅 SKU 都可以啟用 (0.035667ms)
✔ the base class refuses to be used without an acquire implementation (0.884792ms)
✔ the store requires a database that can run transactions (0.179583ms)
✔ prepare seeds a row so acquire only ever locks an existing one (0.837875ms)
✔ an unheld lease is granted and recorded with an expiry (0.210958ms)
✔ a lease held by someone else is refused until it expires (0.115375ms)
✔ the holder can renew its own unexpired lease (0.076709ms)
✔ release frees only the caller's own lease (0.10975ms)
✔ a missing row is refused rather than silently recreated (0.048458ms)
✔ a sub-second lease still reserves at least one second (0.070833ms)
✔ acquire threads the caller's signal into the transaction so it can be cancelled (0.082375ms)
✔ a transaction failure propagates so the scheduler can report it (0.07475ms)
✔ a completed run records when it started, finished and succeeded (3.791666ms)
✔ a run in progress reports running, not the previous run's finish time (0.818042ms)
✔ a failed run keeps the last success time and records the error (0.536167ms)
✔ a timed out run is distinguishable from a plain failure (0.412583ms)
✔ a lease failure is recorded as an attempt, not as silence (0.292917ms)
✔ skipping a run does not overwrite the last real run (0.410458ms)
✔ an overlapping skip does not overwrite the in-progress state either (0.305667ms)
✔ a long error message is truncated to the column width (0.269167ms)
✔ the snapshot leaves out jobs that will never run (0.715958ms)
✔ the snapshot carries the same instance identity as the job leases (0.056125ms)
✔ the store requires the database service (0.191541ms)
✔ writing upserts one row per job and stamps the database clock (0.125416ms)
✔ every column the write sends is also assigned on conflict (0.128292ms)
✔ a missing table points at the SQL file that creates it (0.111708ms)
✔ purging stale rows uses the database clock and reports what it removed (0.064042ms)
✔ a sub-second staleness window still keeps rows written this second (0.028833ms)
✔ deleting an instance touches only that instance's rows (0.038583ms)
✔ the base store is a no-op an adapter may only partly implement (0.103083ms)
✔ a flush publishes one row per job and logs a summary (0.258333ms)
✔ the summary log survives a store that cannot be written (0.075417ms)
✔ a failed publish is not retried every tick (0.070792ms)
✔ repeated failures escalate the summary from info to error (0.100458ms)
✔ the staleness window follows the configured flush interval (0.068708ms)
✔ rows left behind by a dead instance are removed and reported (0.085167ms)
✔ a quiet flush does not log about stale rows it never removed (0.045791ms)
✔ shutdown removes this instance's rows and nobody else's (0.078917ms)
✔ a shutdown that cannot clean up warns instead of blocking the shutdown (0.054625ms)
✔ the stats block has working defaults (0.036792ms)
✔ a staleness window of one run is rejected (0.058ms)
✔ the stats block rejects values the table cannot hold (0.062333ms)
✔ a token without mcp is never blocked, on any route (2.720292ms)
✔ a token with mcp is blocked on a route that is not exempt (0.506834ms)
✔ a token with mcp is allowed through on every exempt route (0.580833ms)
✔ mcp is checked with the request's own method and path, not a substring match (0.304375ms)
✔ a revoked token is rejected before the mcp check ever runs (0.212917ms)
✔ an unusable revocation snapshot is reported as unavailable, not as a password-change gate (0.172125ms)
✔ a valid JWT with a matching device signature authenticates and hands back the binding (3.688625ms)
✔ an invalid JWT never reaches the device check (0.393833ms)
✔ a revoked JWT never reaches the device check (0.332792ms)
✔ missing device signature headers are refused before anything is looked up (0.201375ms)
✔ a signature from a device other than the one in the token is refused (0.195125ms)
✔ a token with no did claim at all is a mismatch too, and the log falls back cleanly (2.110083ms)
✔ the signature rejection log carries through an optional detail when one is given (0.559709ms)
✔ the request stops working once the device is no longer approved (0.514916ms)
✔ the request is refused when the binding is gone entirely (0.145708ms)
✔ verifies against the stored key and refuses a bad signature (1.432ms)
✔ a clock skew rejection is told apart, because only the user can fix that one (0.271667ms)
✔ authType and service metadata are declared correctly (0.086709ms)
✔ authType and service metadata are declared correctly (1.240791ms)
✔ a valid JWT, matching device signature and correct password all together authenticate (3.203333ms)
✔ device mismatch is rejected before the password is ever checked (0.609792ms)
✔ an unapproved device is rejected before the password is ever checked (0.205625ms)
✔ a rejected device signature is rejected before the password is ever checked (0.191875ms)
✔ an invalid JWT never reaches the device check or the password check (0.180625ms)
✔ a revoked JWT never reaches the device check or the password check (0.17ms)
✔ the device signature passes but the password is wrong: PASSWORD_INVALID, not DEVICE_MISMATCH (0.186375ms)
✔ a missing password is refused after the device check passes (0.177666ms)
✔ a valid JWT with the right password authenticates (3.955583ms)
✔ an invalid JWT never reaches the password check (0.330209ms)
✔ a revoked JWT never reaches the password check (0.621708ms)
✔ a missing password is refused before anything is checked (0.225584ms)
✔ an empty string password is refused the same way a missing one is (0.167042ms)
✔ the wrong password, an unknown user and a locked account all collapse into one public code (2.106833ms)
✔ a disabled account gets its own code, not the generic password-invalid one (0.176209ms)
✔ authType and service metadata are declared correctly (0.046584ms)
✔ a token issued by the service verifies back to its claims (2.610625ms)
✔ the service surface is issue, verify and the header settings (0.611375ms)
✔ verification pins the algorithm, issuer and audience (0.543458ms)
✔ an expired token is rejected once it falls outside the clock tolerance (0.681667ms)
✔ the service refuses to start on an invalid jwt config (0.101167ms)
✔ issuing without a subject is refused (0.089667ms)
✔ issuing without a version is refused for the same reason (0.181958ms)
✔ the caller cannot smuggle a different version through the payload (0.116166ms)
✔ issuing without an authTime is refused for the same reason again (0.092708ms)
✔ the caller cannot smuggle a different auth_time through the payload (0.127042ms)
✔ a token that arrives without auth_time is rejected at verification (0.173083ms)
✔ sessionMaxAge must carry a unit too (0.084667ms)
✔ a token that arrives without sub is rejected at verification (0.216333ms)
✔ expiresIn must carry a unit, because a bare number means milliseconds (0.137334ms)
✔ the queue stops at the byte budget, nowhere near the entry count (18.623375ms)
✔ an entry that exactly fills the remaining budget is still taken (1.299292ms)
✔ the count limit still binds when the entries are small (1.444542ms)
✔ the byte counter comes back down after a successful write (2.024083ms)
✔ a failed write gives its bytes back too (0.788458ms)
✔ an entry rejected before it is queued never touches the budget (0.456167ms)
✔ byte pressure is reported apart from a slow disk (1.966375ms)
✔ the lost-entries notice counts toward the file size (1.284125ms)
✔ an oversized entry is truncated, not dropped (1.255458ms)
✔ truncation cuts the heaviest branch and keeps everything beside it (1.208959ms)
✔ a heavy collection is cut whole, not one element at a time (1.782791ms)
✔ truncation reaches through arrays without rewriting the caller's entry (1.074042ms)
✔ the truncation marker says how much was cut (0.241166ms)
✔ both bodies get cut when both are oversized (0.594625ms)
✔ a context of several medium fields keeps what it can (0.074916ms)
✔ the cut is measured in UTF-8 bytes, which is what reaches the disk (0.09225ms)
✔ no rendered line ever exceeds the entry limit, whatever the shape (6.095042ms)
✔ an entry the pruning cannot save keeps its five columns (0.221959ms)
✔ the skeleton copes with an entry that has no event or message (0.216208ms)
✔ an entry that fits is passed through byte for byte (0.044125ms)
✔ the queue is priced in UTF-8 bytes, not characters (1.418417ms)
✔ the byte limits are validated (0.239292ms)
✔ a queue budget that cannot hold one entry is refused (0.044833ms)
✔ the shipped defaults fit a modest heap (2.355791ms)
✔ log queues that cannot fit in the heap fail startup (0.345916ms)
✔ the per-entry overhead counts, because it is not in maxQueuedBytes (0.179417ms)
✔ a disabled logger does not spend the heap budget (0.145333ms)
✔ runCleanup removes expired files without any log being written (5.622791ms)
✔ cleanup and writes share one queue, so the write target stays consistent (9.803125ms)
✔ cleanup still honours each profile's cleanupIntervalHours (1.555583ms)
✔ a write still triggers cleanup, so no scheduler is not no cleanup (1.180916ms)
✔ a disabled logger has no writer and cleanup is a no-op (0.151583ms)
✔ the registry fans cleanup out to every profile (0.127292ms)
✔ the job submits itself and its declaration is complete (0.094375ms)
✔ running the job cleans every logger profile (0.043292ms)
✔ the job is an ordinary service, so it can be triggered by hand (0.045375ms)
✔ the job is discovered by the ordinary service mechanism (61.544292ms)
✔ generic logger sanitizes entries before delegating to its writer (9.365125ms)
✔ generic logger rejects profile-specific top-level fields (0.308917ms)
✔ generic logger formats timestamps in the application time zone (0.105792ms)
✔ logger registry creates and exposes every configured logger profile (0.6305ms)
✔ generic logger filters entries below its configured minimum level (0.121084ms)
✔ logging service flushes registry loggers once and separately flushes an injected logger (0.264375ms)
✔ framework SQL files don't hard-code a database name (2.734542ms)
✔ migrations directory files are named for a stable execution order (0.335ms)
✔ 0001_add_idempotency_lease_owner adds the column when it's missing (0.116125ms)
✔ 0001_add_idempotency_lease_owner is a no-op once the column already exists (0.105292ms)
✔ 0006_add_user_password_columns adds both columns to an untouched users table (0.69875ms)
✔ 0006_add_user_password_columns converges after a half-applied run (0.072458ms)
✔ 0006_add_user_password_columns is a no-op once both columns exist (0.055958ms)
✔ only one caller wins the same key, the other sees it in progress (1.675916ms)
✔ two concurrent begins on one key produce exactly one winner (0.153292ms)
✔ a different fingerprint on the same key is a conflict (0.074833ms)
✔ a completed key replays its stored response (0.276292ms)
✔ a stale owner's complete() is rejected, even while the row is still pending (0.198667ms)
✔ a stale owner's fail() does not release a lease it no longer holds (0.371708ms)
✔ a stale owner's markUnavailable() does not lock a lease it no longer holds (0.163292ms)
✔ an expired pending lease releases the key to the next caller (0.120334ms)
✔ an expired completed record is not replayed (0.086125ms)
✔ the pending lease is used for begin, and the full ttl only after completion (0.053459ms)
✔ failing a key releases it, but never deletes a completed record (0.491875ms)
✔ an oversized response is refused without touching the row (0.25125ms)
✔ marking a key unavailable stops a retry from executing it again (0.08225ms)
✔ marking unavailable uses the full ttl, not the pending lease (0.045542ms)
✔ marking unavailable never downgrades an already cached response (0.070375ms)
✔ purge deletes only expired rows and reports the count (0.129375ms)
✔ purge deletes in batches so one run cannot lock the table for long (0.134542ms)
✔ the store refuses to build without a database or a time service (0.076833ms)
✔ a missing table says which SQL file creates it (0.09675ms)
✔ losing the race after clearing an expired row answers inProgress (0.115792ms)
✔ losing the race to a visible winner classifies against that winner (0.07225ms)
✔ a completed record with no body replays without one (0.048ms)
✔ purge stops at the configured batch limit and says it is behind (0.656333ms)
✔ the batch limit is configurable, and honoured (0.06175ms)
✔ an unsupported isolation level is rejected before any SQL is issued (1.784542ms)
✔ the four standard isolation levels are accepted and interpolated verbatim (0.71025ms)
✔ a connection destroyed on abort is never released back to the pool (1.909667ms)
✔ a destroy that itself fails is logged rather than swallowed (0.431166ms)
✔ a transaction whose parent request is already aborted never begins (0.171875ms)
✔ a rollback failure is logged and the original error still surfaces (0.181334ms)
✔ an error thrown by the callback itself is wrapped, not leaked raw (0.185042ms)
✔ an ApplicationError from the callback passes through unchanged (0.128334ms)
✔ the service rejects malformed calls before touching the database (0.14525ms)
✔ a query is refused when its signal is already aborted (0.070417ms)
✔ the service refuses to be constructed without a pool or a context (0.095291ms)
✔ shutdown closes the pool once and tolerates being called again (0.063084ms)
✔ MySQL database service verifies connectivity during initialization (2.169459ms)
✔ MySQL database service rejects an invalid initialization health result (0.3065ms)
✔ MySQL database service applies query timeouts and parameterized execution (0.190459ms)
✔ MySQL database service commits successful transactions and releases connections (0.376208ms)
✔ MySQL database service rolls back failed transactions (0.283292ms)
✔ transaction queries automatically inherit the transaction timeout signal (12.119625ms)
✔ a commit slower than the deadline is cut off, and no rollback chases it (12.098792ms)
✔ a commit that fits inside the deadline still commits normally (5.453541ms)
✔ transaction abort destroys a connection with unfinished database work (9.917166ms)
✔ every password-change-gate exemption matches a registered route (69.398834ms)
✔ every exemption is a static path with no route parameters (0.15275ms)
✔ password hash round-trips (185.570875ms)
✔ password hash rejects the wrong password (182.428417ms)
✔ password hash rejects a password that is a prefix of the real one (182.901375ms)
✔ password hash uses a fresh salt each time (364.674959ms)
✔ password hash records the parameters it was produced with (91.241333ms)
✔ password hash fits the password_hash column (92.221333ms)
✔ password hash verifies against a hash produced with different parameters (65.267667ms)
✔ password hash rejects an empty password (0.451583ms)
✔ password hash reports a malformed stored hash instead of failing the login (0.114042ms)
✔ password hash rejects invalid cost parameters (0.080333ms)
✔ password hash rejects a stored key of the wrong length (0.055209ms)
✔ assertPasswordStrength accepts 12+ chars with upper and lower case (0.717709ms)
✔ assertPasswordStrength accepts exactly 12 characters (0.069708ms)
✔ assertPasswordStrength rejects fewer than 12 characters (0.12425ms)
✔ assertPasswordStrength rejects missing lowercase (0.049167ms)
✔ assertPasswordStrength rejects missing uppercase (0.039917ms)
✔ assertPasswordStrength error messages name what is missing, not a generic complaint (0.059208ms)
✔ assertPasswordStrength allows spaces and symbols; only trims the ends (0.0335ms)
✔ assertPasswordStrength returns the trimmed password, not the raw input (0.033208ms)
✔ assertPasswordStrength keeps interior spaces untouched (0.033ms)
✔ assertPasswordStrength does not require digits or symbols (0.032292ms)
✔ assertPasswordChanged rejects the same password (183.280584ms)
✔ assertPasswordChanged accepts a genuinely new password (183.21ms)
✔ resolves without error when the password is confirmed (1.31575ms)
✔ a missing password is rejected before verifyPasswordById is ever called (0.293583ms)
✔ an empty string password is rejected the same way a missing one is (0.084375ms)
✔ bad password, unknown user and locked account all collapse into PASSWORD_INVALID (0.154875ms)
✔ a disabled account gets USER_INACTIVE, not the generic password-invalid code (0.070125ms)
✔ an expired temporary password gets its own actionable code (0.069666ms)
✔ a rejection is logged with the real reason, even though the response collapses it (0.085792ms)
﹣ TC-064 imports 10,000 Customer rows within the release budget (0.779209ms) # SKIP
﹣ TC-028 100k Customer query plans and 50-user core lookup mix remain indexed and bounded (0.806167ms) # set CUSTOMER_PERFORMANCE_TESTS=1 against a fresh, migrated isolated MySQL schema; this 100k release-performance test is not routine CI
﹣ TASK-018 Core Stock capacity, query-plan and two-connection concurrency gate (0.804792ms) # SKIP
﹣ TC-012 T35 效能驗證：100k SKU／1M barcode／1M UOM，50 併發混合負載，10,000-row import KPI (0.794875ms) # set ITEM_PERFORMANCE_TESTS=1 against a real, migrated MySQL to run this release performance test (design_spec §11.5) — it seeds ~2.1M rows and is not part of routine CI
✔ every permission a handler demands exists in the catalogue (68.270459ms)
✔ no route authorizes by role name (5.144834ms)
✔ P2 downstream permissions are catalogued and seeded in 0063 (0.715042ms)
✔ every seed migration only lists permissions that exist in the catalogue, with a matching description (0.940584ms)
✔ every catalogue permission is seeded by exactly one migration (1.212875ms)
✔ a database that matches the catalogue starts silently (1.277458ms)
✔ a missing permission refuses to start, and says which one (0.265167ms)
✔ every catalogue entry is checked, not just the first (0.907708ms)
✔ an extra permission only warns: removing one from the code is normal evolution (0.235916ms)
✔ a drifting description only warns: it is display text, not a judgement (0.100834ms)
✔ the self-check never writes: the permissions table is read-only to the app (0.132ms)
✔ process lifecycle gracefully shuts down on SIGTERM (1.371083ms)
✔ process lifecycle logs an unhandled rejection, shuts down and exits (0.237458ms)
✔ process lifecycle treats an uncaught exception as fatal (0.092375ms)
✔ forwarded headers with trustProxy disabled are reported once (21.665291ms)
✔ the RFC 7239 Forwarded header is detected too (3.665875ms)
✔ a correctly configured proxy produces no warning (1.854875ms)
✔ traffic without forwarded headers is silent (1.461542ms)
✔ all callers share one rate-limit bucket when the proxy is not trusted (2.603875ms)
✔ the key space has a hard ceiling, whatever the flood (251.796125ms)
✔ eviction keeps the source that is actually being limited (238.627458ms)
✔ hitting the ceiling is reported, because the guarantee no longer holds (0.782292ms)
✔ an ordinary load never evicts anything (0.506292ms)
✔ the sample never looks past the end of the map (0.088292ms)
✔ a growing key space sweeps without waiting out the throttle (0.829416ms)
✔ the throttle still holds below the threshold (0.05025ms)
✔ stats say how close the ceiling is (0.06425ms)
✔ one IPv6 prefix is one client, not 18 quintillion (3.434625ms)
✔ an IPv4 mapped address is an IPv4 client, not the whole zero prefix (0.052166ms)
✔ IPv4 and unparseable sources pass through untouched (0.032834ms)
✔ prefix lengths that are not whole bytes still mask correctly (0.076125ms)
✔ a zone id belongs to the interface, not the address (0.034959ms)
✔ the full address is still available for anyone who wants it (0.030958ms)
✔ the key ceiling and the prefix length are validated (0.390333ms)
✔ the shipped defaults keep the key space to a bounded footprint (0.434458ms)
✔ purge removes stale keys even though no request ever arrives (0.783958ms)
✔ purge keeps buckets that have not finished refilling (0.64ms)
✔ traffic still triggers cleanup, so no scheduler is not no cleanup (0.087792ms)
✔ the base store treats purge as a no-op for TTL-backed adapters (0.052083ms)
✔ the limiter purges using its own window, and purge is safe without support (0.863625ms)
✔ the purge job submits itself and its declaration is complete (0.146667ms)
✔ running the purge job reaches the limiter (0.102084ms)
✔ the purge job is discovered by the ordinary service mechanism (60.757291ms)
✔ a fresh key starts with a full bucket and no entry is allocated for it (0.798625ms)
✔ the bucket empties at the configured capacity, then refuses (0.075292ms)
✔ tokens come back continuously, not all at once when the window ends (0.084791ms)
✔ refilling stops at capacity, so idling does not bank extra requests (0.087625ms)
✔ a refused request does not touch the bucket, so a blocked IP recovers (0.664667ms)
✔ retryAfterMs is the wait for exactly one token (0.048833ms)
✔ a clock that jumps backwards does not take tokens away (0.046458ms)
✔ keys do not share a bucket (0.04175ms)
✔ state per key is two numbers regardless of how large the limit is (0.150125ms)
✔ purging a bucket cannot hand out quota it had not yet earned (0.084417ms)
✔ the throttled sweep uses the same refilled cutoff that purge does (0.048ms)
✔ a consume whose own bucket the sweep just deleted still records the spend (0.037459ms)
✔ purge without an argument falls back to the current time (0.029333ms)
✔ closing the store drops every bucket (0.034625ms)
✔ the base class refuses to be used as a store (0.261041ms)
✔ a failure is written to stderr as a parsable JSONL entry (2.115917ms)
✔ a repeating failure is throttled into a count instead of flooding stderr (0.46525ms)
✔ the suppressed count is carried into the next report (0.128125ms)
✔ the reporter never throws, whatever it is handed (3.601417ms)
✔ the application starts and serves requests with the limiter disabled (103.152042ms)
✔ graceful shutdown stays clean when there is no limiter to drain (14.928167ms)
✔ a job that declares the limiter still fails startup when it is disabled (3.147625ms)
✔ a leftover enabled key in the limiter config is rejected (0.361209ms)
✔ startup says out loud that the IP quota is counted per instance (0.994125ms)
✔ request limiter processes queued requests in FIFO order and rejects a full queue (9.563125ms)
✔ request limiter rejects an IP whose token bucket is empty (0.284416ms)
✔ request limiter rejects a queued request after its wait timeout (30.576084ms)
✔ request limiter rejects queued and new requests during graceful shutdown (0.445458ms)
✔ two limiters sharing one injected store share the quota (0.158292ms)
✔ request limiter keeps a slot until timed-out processing actually completes (0.140875ms)
✔ a hanging store is bounded by storeOperationTimeoutMs and fails closed by default (22.1245ms)
✔ storeFailureMode "open" lets a request through when the store hangs, but concurrency and the queue still apply (42.349292ms)
✔ stopAccepting and shutdown are separate, so the store is actually closed (0.162833ms)
✔ shutdown covers stopAccepting and stays idempotent (0.167375ms)
✔ the managed constructor reads its own configuration section (0.0565ms)
✔ a non-memory adapter without an injected store fails to construct (0.218583ms)
✔ request logger requires an injected logger (0.845417ms)
✔ request logger captures metadata and redacts sensitive fields (9.696ms)
✔ request logger records full bodies when a route opts in (0.843417ms)
✔ request logger records full bodies on any error status (0.300167ms)
✔ request logger keeps successful bodies out of the log (0.2305ms)
✔ request logger never records file uploads or downloads (0.202917ms)
✔ request logger honours a disabled error-status override (0.091667ms)
✔ request logger redacts sensitive query values in the logged URL (0.173459ms)
✔ request logger records client disconnects with the shared log contract (0.115916ms)
✔ file writer appends JSONL and removes expired log files (5.27325ms)
✔ file writer reuses its resolved target instead of rescanning per write (6.35275ms)
✔ file writer keeps log files and their directory owner-only (1.658042ms)
✔ logging config rejects an out-of-range file mode (0.113166ms)
✔ file writer rotates logs before the size limit is exceeded (2.532916ms)
✔ the middleware refuses to build without the collaborators it needs (0.848041ms)
✔ the scope is published to the request and to the context, then torn down (0.780167ms)
✔ a response that ends before any handler ran still tears the scope down (0.117416ms)
✔ a closed connection tears the scope down as well as a finished one (0.068875ms)
✔ the scope is only torn down once, however many times the request ends (0.062167ms)
✔ a scope that reports unclosed services names them in the log (0.149792ms)
✔ a shutdown that throws is logged instead of becoming an unhandled rejection (0.325208ms)
✔ a request with no requestId still produces a usable failure log (0.170375ms)
✔ a synchronous failure downstream still closes the scope and forwards the error (0.109292ms)
✔ a downstream failure does not tear the scope down twice (0.06875ms)
✔ request timeout returns the standard 504 response and aborts req.requestTimeout.signal (107.802209ms)
✔ a timeout during a streamed response aborts the connection instead of throwing (87.086791ms)
✔ request validator coerces and defaults query and params on a real Express request (36.086291ms)
✔ request validator reports location-tagged details for every invalid input (11.313875ms)
✔ request validator rejects a request that omits a required JSON body (5.803625ms)
✔ request validator keeps nested query objects produced by the extended query parser (5.29575ms)
✔ request validator exposes only the locations declared in the request schema (4.769542ms)
✔ request validator trims a body field marked trim:true before pattern validation (4.527041ms)
✔ request validator does not trim a body field without trim:true (4.931542ms)
✔ response validator accepts matching data and rejects contract violations (12.198708ms)
✔ response validator requires a schema for the actual HTTP status (3.057459ms)
✔ response schemas compile at startup even when production runtime validation is disabled (3.001334ms)
✔ the shipped defaults pass their own check (10.462417ms)
✔ expiresIn must be a duration anyone can read the same way (0.419916ms)
✔ the cross-check names the job the scheduler actually registers (0.040959ms)
✔ turning the scheduler off fails startup instead of 503-ing five minutes later (0.586042ms)
✔ disabling just the refresh job is caught too (0.282708ms)
✔ failureMode open does not excuse a missing refresher (0.167542ms)
✔ an explicit enabled:true override still passes (0.155583ms)
✔ constructor requires database, logger and time (0.863583ms)
✔ list returns every role with its permission names and holder count (5.197833ms)
✔ create makes an empty role with no permissions (0.9825ms)
✔ create rejects a duplicate role name (0.2945ms)
✔ update renames a role and audits before/after (0.267959ms)
✔ update refuses to touch system-admin (0.107375ms)
✔ update on a missing role throws ROLE_NOT_FOUND (0.093625ms)
✔ update rejects renaming into an existing name (0.098917ms)
✔ delete removes the role and its role_permissions (0.133667ms)
✔ delete cascades: a user holding the deleted role loses it (CASCADE, not blocked) (0.087875ms)
✔ delete refuses to touch system-admin (0.431833ms)
✔ assignPermissions overwrites the permission set and audits before/after (0.356333ms)
✔ assignPermissions rejects a stale expected set (0.109792ms)
✔ assignPermissions denies an actor granting a permission they do not hold (0.1325ms)
✔ assignPermissions lets a fresh protected admin delegate Customer bank permissions without receiving them (0.085375ms)
✔ assignPermissions refuses the protected exception for a role the admin already holds (0.092208ms)
✔ assignPermissions refuses to touch system-admin's permissions (0.073292ms)
✔ assignPermissions rejects an unknown permission id (0.0955ms)
✔ listPermissions returns the read-only catalogue (0.081375ms)
✔ every write rejects with PERMISSION_STALE when the actor's permissions changed (0.062667ms)
✔ item recovery CLI fails closed when the manifest is absent (93.146625ms)
✔ a job runs on its interval, and the first run is jittered (4.333125ms)
✔ jitter always lands inside the interval and runOnStart skips it (0.727292ms)
✔ a disabled job is never scheduled (0.239625ms)
✔ a disabled scheduler still reports the jobs it skipped (0.8005ms)
✔ config overrides the interval declared in static jobs (0.274833ms)
✔ a job that throws is logged and keeps its schedule (0.502833ms)
✔ a job that throws synchronously, before any await, does not get stuck marked running forever (0.277833ms)
✔ a run still in progress causes the next tick to be skipped, not stacked (0.384083ms)
✔ a job that exceeds its timeout is aborted and reported (0.382583ms)
✔ a cluster job only runs on the instance that holds the lease (0.28ms)
✔ an instance without the lease skips the run entirely (0.290292ms)
✔ a lease store failure is reported and does not run the job (0.484458ms)
✔ a slow lease acquisition reserves the running slot immediately, so a second tick cannot re-issue acquire() (0.512458ms)
✔ a lease acquisition that exceeds the job timeout is aborted and reported, without running the job (0.377125ms)
✔ a lease that finally succeeds after its acquisition already timed out is released, not left held (0.385375ms)
✔ a compensating release that itself fails is reported, not swallowed silently (0.347708ms)
✔ a late lease success from a stale attempt does not release a lease a newer attempt already holds (0.419209ms)
✔ instance-scoped jobs never touch the lease store (0.235833ms)
✔ stop clears timers, aborts in-flight work and is idempotent (0.338583ms)
✔ stop reports when a job refuses to finish (0.264667ms)
✔ every timer is unref'd so background work cannot hold the process open (0.173959ms)
✔ invalid job declarations fail at startup, not on first tick (0.27375ms)
✔ registering without static jobs fails loudly (0.087375ms)
✔ a job submitted after start is scheduled without the caller sequencing it (0.297625ms)
✔ two services cannot declare the same job name (0.076083ms)
✔ scheduler config rejects unknown per-job override fields (0.091ms)
✔ security middleware sets Helmet headers and enforces the CORS allowlist (29.605542ms)
✔ JSON body parser returns the standard 413 response when its limit is exceeded (6.451625ms)
✔ JSON body parser returns the standard 400 response for malformed JSON (4.140584ms)
✔ a hop count trusts a position, so a shorter path lets the client pick req.ip (3.095625ms)
✔ trusted addresses stop at the first stranger, whatever the chain length (3.153917ms)
✔ HTTPS enforcement trusts only the configured reverse proxy hop (1.741833ms)
✔ service container initializes singleton dependencies once and shuts down in reverse order (1.991916ms)
✔ service container rejects missing and circular dependencies (0.229667ms)
✔ service discovery finds the built-in public services (63.571417ms)
✔ service discovery rejects duplicate service names (0.213875ms)
✔ service container rolls initialized services back when startup fails (0.199375ms)
✔ request and transient services remain isolated inside service scopes (0.32775ms)
✔ service resolution automatically uses the active asynchronous request scope (0.14075ms)
✔ request services initialized after scope shutdown are closed instead of tracked (6.214625ms)
✔ transient services initialized after scope shutdown are closed instead of tracked (0.153833ms)
✔ singleton services reject request-scoped dependencies (0.072125ms)
✔ production modules do not directly construct container-owned public services (36.678417ms)
✔ an undeclared service is not reachable, and the error says how to fix it (1.256958ms)
✔ a declared dependency fixes both access and shutdown order (0.704709ms)
✔ resolve stays available for lazy and request-scoped services (0.128708ms)
✔ a request-scoped instance stays reachable inside its scope (0.28825ms)
✔ an auth strategy that does not declare logging fails at startup, not silently (0.272459ms)
✔ a strategy that declares logging receives it (0.104084ms)
✔ a disabled service is never constructed and is absent from the container (1.6315ms)
✔ depending on a disabled service fails at construction, saying it is disabled (0.239417ms)
✔ a disabled service may itself declare dependencies that are also disabled (0.109708ms)
✔ reaching a disabled service at runtime says so (0.232667ms)
✔ omitting the flag keeps a service enabled, and a non-boolean is rejected (0.255791ms)
✔ a disabled name still collides with a duplicate definition (0.050333ms)
✔ a session inside the cap is accepted (2.748916ms)
✔ the boundary is exact: at the cap still works, one second past it does not (0.655875ms)
✔ refreshing does not extend the cap: the session dies at the same wall-clock moment (0.814334ms)
✔ an over-age session is rejected even while the revocation snapshot is unusable (0.142917ms)
✔ hitting the cap is logged as info, not warn (1.848042ms)
✔ the cap is a parameter, not a hardcoded eight hours (0.232667ms)
✔ the client cannot tell an expired session from any other auth failure (0.17475ms)
✔ shutdown reports a store that fails to close and fails the exit code (613.440375ms)
✔ a failing rate limit store is named in the shutdown log (405.870916ms)
{"timestamp":"2026-09-30T06:05:12.188Z","level":"error","event":"application.shutdown.forced","message":"Internal failure reported outside the logging pipeline","context":{"reason":"test_complete","timeoutMs":300,"error":null,"suppressedSinceLastReport":0,"throttleMs":60000}}
✔ shutdown gives up on a store whose close never settles (978.576083ms)
✔ shutdown closes cleanly when every resource cooperates (378.698458ms)
✔ the receive timeout may not be shorter than the handler timeout (8.79975ms)
✔ a timeout that can never fire is rejected instead of ignored (0.152042ms)
✔ the checking interval may not swallow the timeout it enforces (0.106667ms)
✔ the shipped defaults satisfy their own chain (0.256792ms)
✔ maxConnections must be able to hold a full load of requests (2.283458ms)
✔ a route timeout longer than the receive timeout fails startup (0.3865ms)
✔ createApplication honors an injected requestReceiveTimeoutMs, not the module's static default (75.473958ms)
✔ the watchdog refuses to be built without a usable timeout (0.200625ms)
✔ a request whose body already arrived is passed straight through (0.619625ms)
✔ a timer that fires after the response ended stays quiet (31.029125ms)
✔ a few bytes can no longer hold a concurrency slot (1833.8925ms)
✔ the slow client is told why, and the log says how little it sent (1215.955208ms)
✔ the server carries the configured socket timeouts (21.984875ms)
✔ connections beyond maxConnections are dropped immediately, not after the header timeout (313.7345ms)
✔ closing the excess connections returns capacity to legitimate requests (427.549125ms)
✔ a slow but legitimate upload is not cut off by the watchdog (1626.874542ms)
✔ a stalled upload is still bounded, by the route timeout (2972.809041ms)
✔ a normal request is untouched by the watchdog (18.258167ms)
✔ a schema matching the migration is accepted, and an absent table is not an error (0.832708ms)
✔ a column list that is the wrong shape is rejected, not just an absent table (0.247542ms)
✔ pending_slot must be generated, not merely named pending_slot (0.081125ms)
✔ uq_supplier_activation_pending must actually be unique (0.079792ms)
✔ uq_supplier_activation_pending must cover exactly (supplier_id, pending_slot) in that order (0.160834ms)
✔ MySQL's uppercase information_schema column names are read the same way (0.095709ms)
✔ Address handlers use supplier.mgmt, ownership route ids and closed schemas (1.176708ms)
✔ Address migration inspector accepts absence and rejects partial schemas (0.895375ms)
✔ create switches each requested primary and writes address, purposes and audit in one transaction (1.020708ms)
✔ address update rejects a child id that does not belong to the route Supplier (0.3555ms)
✔ address deactivate clears primary flags and preserves purpose mappings (0.15375ms)
✔ create Supplier revalidates actor and Business Master inside one transaction and atomically writes root, grams and audit (1.879166ms)
✔ duplicate names remain warnings and do not block creation (0.143625ms)
✔ creating with activate under approval ON lands in pending_approval, not active (0.2625ms)
✔ update Supplier locks and revalidates actor/catalog, replaces name grams and writes audit in one transaction (0.505958ms)
✔ update Supplier rejects stale version before catalog, data or audit writes (0.2565ms)
✔ changing default currency requires a bounded reason (0.10725ms)
✔ change Supplier Code requires an unreferenced Supplier and writes a reasoned audit (0.594584ms)
✔ change Supplier Code maps the database uniqueness race without disclosing another Supplier (0.157041ms)
✔ AC-009: naming an ineligible approver refuses the create and leaves nothing behind (0.111792ms)
✔ naming an approver while the policy is OFF is refused rather than ignored (0.064833ms)
✔ a significant edit while pending invalidates the request and returns the Supplier to draft (0.193958ms)
✔ an insignificant edit while pending keeps the request and re-pins its Supplier version (0.134875ms)
✔ an edit while not pending leaves the approval domain untouched (0.077666ms)
✔ the create schema accepts the approver fields the approval flow needs (0.115541ms)
✔ the submitted note reaches the request rather than being dropped (0.108084ms)
✔ changing the Supplier Code while pending invalidates the request, per AC-012 (0.121417ms)
✔ changing the Supplier Code while not pending leaves the approval domain alone (0.068375ms)
✔ a documented significant column with no input mapping is refused, not silently mapped to undefined (0.097459ms)
✔ the identifier responses declare the invalidation flag their service returns (3.732417ms)
✔ the supplier detail response declares every field the service actually returns (13.506584ms)
✔ H2: with the policy ON, a plain draft create opens no activation request (0.124334ms)
✔ the approval routes sit exactly where design 6.4 puts them (0.714708ms)
✔ every queue and decision route demands supplier.view AND supplier.approval, nothing weaker (0.61325ms)
✔ the approver lookup accepts mgmt or approval, and is not a User Admin API (0.044958ms)
✔ approve, reject and reassign re-confirm the password; reading the queue does not (0.049375ms)
✔ the block routes keep device-password: the approval work does not weaken them (0.051333ms)
✔ withdraw stays a requester action on the Supplier route (0.033042ms)
✔ every request schema on every approval route is closed (0.064958ms)
✔ the queue defaults to mine and refuses a scope it does not know (0.036417ms)
✔ the queue pages on the server: the client cannot ask for everything (0.039167ms)
✔ reject and reassign demand a reason; approve does not invent one (0.071458ms)
✔ the eligible approver projection is exactly id, username and displayName (0.039084ms)
✔ the eligible approver lookup is capped and can exclude the requester (0.031041ms)
✔ no approval response can name a bank field, and none of them is open (0.20625ms)
✔ the withdraw handler passes the route Supplier id into the command (0.206917ms)
✔ withdraw refuses to run unscoped, so a lost caller line is loud (0.336458ms)
✔ an approver must be named, must be someone else, must be active and must hold the permission now (1.585291ms)
✔ the permission is read from the database, not from what the submitter claimed (0.455ms)
✔ the snapshot carries the minimum activation data and masks identifiers (0.649ms)
✔ the snapshot is a whitelist, so a bank field cannot leak into it (0.063875ms)
✔ the significant-field list is the one design 4.5 names (0.038333ms)
✔ approving moves the Supplier to active and closes the request in one transaction (0.359042ms)
✔ rejecting returns the Supplier to draft and keeps the reason (0.092834ms)
✔ rejecting without a reason is refused before anything is locked (0.0595ms)
✔ only the assigned approver may decide, and never the requester (0.119916ms)
✔ an approver who has lost the permission since submission cannot decide (0.056167ms)
✔ only the requester may withdraw (0.092ms)
✔ a Supplier changed since submission cannot be approved on the old request (0.075541ms)
✔ re-sending a decision that already happened returns the current state without a second audit (0.073583ms)
✔ an opposite decision on a closed request is a conflict, not a replay (0.054458ms)
✔ a stale request version is a conflict (0.068042ms)
✔ a writer that slips in between the lock and the UPDATE is caught by the WHERE guards (0.077ms)
✔ reassigning changes the approver without touching the Supplier (0.169541ms)
✔ reassigning to the current approver is a no-op, not a version bump (0.0555ms)
✔ a closed request cannot be reassigned (0.057458ms)
✔ suppliers is locked before the request, per design 2.6 (0.069ms)
✔ reassigning requires the actor to hold supplier.approval right now (0.047166ms)
✔ an unauthorised actor cannot learn the request state through the replay branch (0.050083ms)
✔ no decision may be taken on a Supplier that has left pending_approval (0.117ms)
✔ invalidating an open request closes it and records what changed (0.163042ms)
✔ invalidating when there is no open request is a no-op, not an error (0.050333ms)
✔ an insignificant edit keeps a pending request usable by syncing its Supplier version (0.053708ms)
✔ approval re-checks that the Supplier can still be activated (0.068042ms)
✔ the snapshot is size-bounded, and says so when it truncates (0.086542ms)
✔ approving without a businessMaster dependency fails loudly rather than skipping the check (0.059375ms)
✔ the activatability filter drops only the status issue, not the data ones (0.05875ms)
✔ invalidating bumps the request version so a concurrent holder sees it moved (0.045417ms)
✔ invalidateForSignificantChange owns both writes, so no caller can do half of it (0.074166ms)
✔ with no open request it reports false and writes nothing (0.031708ms)
✔ an invalidation with no reason still records why the request died (0.044083ms)
✔ the queue defaults to the actor's own pending requests (0.22975ms)
✔ scope=all drops the approver filter and scope=unassigned asks for a NULL approver (0.061208ms)
✔ an unknown scope or status is refused, not silently treated as the default (0.053542ms)
✔ the queue pages and counts on the server, and both halves see the same filter (0.058958ms)
✔ the queue exposes the minimal user projection and never reads the bank table (0.080584ms)
✔ a request whose requester was deleted reads as nobody, not as user 0 (0.036833ms)
✔ the detail says stale exactly when the Supplier moved after submission (0.165917ms)
✔ the detail names exactly the snapshot fields that differ from the Supplier now (0.049834ms)
✔ identifier order is not a change: the snapshot query has no ORDER BY to rely on (0.067792ms)
✔ a dropped identifier is a change even though the count is the only thing that moved (0.044334ms)
✔ a missing request is a 404, not an empty detail (0.049417ms)
✔ the eligible approver lookup joins the real permission tables (0.116375ms)
✔ the approver lookup can exclude one user and escapes a LIKE search (0.066417ms)
✔ withdraw refuses a request that belongs to another Supplier (0.083542ms)
✔ every read path re-reads the actor from the database before answering (0.105042ms)
✔ a rejected actor stops the read: no query runs and the error propagates (0.085542ms)
✔ scope=mine ignores a client-supplied requesterId when choosing whose queue to read (0.048292ms)
✔ an added identifier is a change, not just a removed one (0.04975ms)
✔ two identifiers that differ only by country or by value are not the same identifier (0.069125ms)
✔ the date filters bound the range they name, and the newest request comes first (0.038458ms)
✔ a user who holds the permission through two roles is listed once (0.028667ms)
✔ a missing approval request says so on every command, not that the Supplier is missing (0.149416ms)
✔ Supplier audit query API is read-only, permission protected and schema bounded (1.139166ms)
✔ audit writer uses only the caller connection and writes an allowlisted bounded detail (1.422875ms)
✔ audit writer rejects unknown actions, unknown detail keys and Bank-sensitive fields (0.309666ms)
✔ audit query revalidates actor and escapes user LIKE input (0.211542ms)
✔ TC-067 (BANK-006): a round trip returns the account, and records the key ID that produced it (1.767792ms)
✔ TC-067 (BANK-006): every row gets its own IV, so the same account never encrypts to the same bytes (0.174208ms)
✔ TC-067 (BANK-006): moving a row to another Supplier makes it undecryptable (0.24025ms)
✔ TC-067 (BANK-006): swapping the crypto context of two rows under one Supplier also fails (0.114333ms)
✔ the AAD cannot be forged by shifting the boundary between its two parts (0.172209ms)
✔ TC-067 (BANK-006): tampering with the ciphertext or the tag fails verification (0.536459ms)
✔ a row whose key is no longer in the ring is refused, and the error is not an oracle (0.268792ms)
✔ rotation: a row encrypted under the old key still decrypts after the active key moves (0.312416ms)
✔ the blind index is keyed, not a plain digest of the account (0.404542ms)
✔ duplicate checking covers the whole lookup ring, not just the active key (0.755958ms)
✔ TC-070 (BANK-009): formatting differences in the same account collide, so a duplicate cannot hide behind a space (0.331166ms)
✔ an empty account is refused by both paths rather than indexed as nothing (0.118959ms)
✔ encryption refuses to proceed without both halves of its AAD (0.09375ms)
✔ a crypto cannot be built from half a configuration (0.083583ms)
✔ masking never reveals a short account (0.078167ms)
✔ the crypto redacts itself, so logging one cannot leak a key (0.213292ms)
✔ the writer, not just the renderer, respects the short-account boundary (0.1615ms)
✔ a lone surrogate cannot make two identities share one AAD (0.0845ms)
✔ a key that is not 32 bytes is refused on both paths, not just the encrypting one (0.120125ms)
✔ a malformed row fails with the same message as a real authentication failure (0.448709ms)
✔ the read paths fail safe rather than throwing or passing on bad input (0.100583ms)
✔ an account longer than the ciphertext column can hold is refused, not truncated (0.104041ms)
✔ a character the normalizer cannot represent is refused, not silently deleted (0.169208ms)
✔ the Bank routes sit exactly where design 6.6 puts them (0.72525ms)
✔ the masked list is the widest route and reveal is a separate POST, not a flag on it (0.7765ms)
✔ reveal demands view plus bank.view, and deliberately not bank.mgmt (0.088375ms)
✔ every write demands all three permissions and a device password (0.06375ms)
✔ no request schema accepts an unknown field, on any Bank route (0.065208ms)
✔ no response schema can utter an account number or any crypto metadata (0.125541ms)
✔ the reveal response is the only one that carries an account, and every other route's is closed (0.05775ms)
✔ every step-up route declares password in its body schema (0.0495ms)
✔ every write body demands a reason, because the audit is useless without one (0.049084ms)
✔ update and the versioned commands demand a version; create must not accept one (0.037833ms)
✔ the child routes name the account in the path, so ownership is a route parameter (0.0495ms)
✔ reveal sets the one cache header the framework does not overwrite (0.123167ms)
✔ the shipped config leaves output validation on, including in production (0.306917ms)
✔ a route without a bankAccountId does not invent one (0.091792ms)
✔ the masked schema cannot have an account field added to it at runtime (0.279333ms)
✔ encryption rotation only touches rows on the from key, and re-encrypts under the active one (3.779208ms)
✔ lookup rotation rewrites the index and its key id together (0.371417ms)
✔ a half-finished run resumes without external progress state (0.480542ms)
✔ a failed row keeps the old key un-removable and is reported by id (0.632542ms)
✔ a failure that lands after the write still blocks removing the old key (0.313125ms)
✔ a duplicate key failure reports the constraint, never the index MySQL echoes back (0.267125ms)
✔ no encoding of the blind index may reach the report, whatever MySQL echoed back (0.339875ms)
✔ the leak scan catches a genuine ER_DUP_ENTRY leak, on every account it is given (0.691208ms)
✔ --limit bounds the work attempted, not just the rows that succeed (0.409417ms)
✔ encryption: a row whose key changed under us is not overwritten (0.241584ms)
✔ lookup: a row whose key changed under us is not overwritten (0.208ms)
✔ the report measures elapsed time instead of reporting zero for every run (0.241875ms)
✔ refuses a --from that is not in the ring, instead of reporting a finished rotation (0.2735ms)
✔ a lookup key that left the ring can be reindexed with fromLost, and only when rows still use it (0.41625ms)
✔ the cursor advances, so a rotation terminates instead of re-reading the same batch (0.466041ms)
✔ the cursor orders by the column it advances on, so no row is skipped (0.453458ms)
✔ a tampered row is reported by name, not as UNKNOWN (0.155542ms)
✔ refuses a --to that is not the active key, instead of silently using the active one (0.072959ms)
✔ the report carries ids and counts, never key material, plaintext, ciphertext or an index (0.225375ms)
✔ warns when the ring grows past three keys or the transition runs past thirty days (0.148792ms)
✔ the report never claims a key is safe to remove from the ring (0.229958ms)
✔ every attempted row lands in exactly one of processed, declined or failed (0.364334ms)
✔ a failure in the final count keeps the report and refuses to call the rows drained (0.222666ms)
✔ the two key ids are required, and an empty one is a different complaint (0.928541ms)
✔ --batch-size is bounded at both ends (0.14025ms)
✔ defaults leave batch size and limit to the module (0.579ms)
✔ --from-lost is an explicit flag with no value (HD-038) (0.42475ms)
✔ 0 is refused on both bounding flags, and --limit says what to do instead (0.261417ms)
✔ a value containing '=' survives intact instead of being silently truncated (0.047458ms)
✔ --json takes no value (0.067458ms)
✔ an unknown flag is reported by name, without echoing its value (0.097209ms)
✔ --transition-started must be a date (0.072791ms)
✔ --help short-circuits, and the usage names every flag the parser accepts (0.057333ms)
✔ main returns the exit code its own contract promises, without a stack trace (0.1775ms)
✔ the progress reporter counts attempts, not successes (0.112792ms)
✔ the CLI's exit codes mean what the contract says (308.349583ms)
✔ main returns 0 for a rotation that drained every row, and 1 when the count could not be read (4.099291ms)
✔ main forwards --from-lost, so a lost lookup key can be reindexed (HD-038) (0.239417ms)
✔ a teardown failure does not rewrite the verdict of a finished run (0.149875ms)
✔ exitCodeFor distinguishes done, half-done, and could-not-count (0.036167ms)
✔ the service refuses to exist without a crypto, so there is no unencrypted fallback (1.369125ms)
✔ the masked list never selects an encrypted column (0.349875ms)
✔ create encrypts, indexes and audits, and no plaintext reaches the audit entry (1.2385ms)
✔ TC-070 (BANK-009): a same-Supplier duplicate is blocked and a cross-Supplier one is only a warning (0.906792ms)
✔ without supplier.view the cross-Supplier warning names no Supplier at all (0.162292ms)
✔ duplicate checking uses every lookup key, not just the active one (0.20325ms)
✔ TC-068 (BANK-007): a Supplier with a row on a lookup key outside the ring cannot add or change an account (0.519417ms)
✔ update re-encrypts only when the account itself changed (0.224459ms)
✔ re-encrypting an account keeps the row's crypto context, because it is the row's identity (0.240542ms)
✔ setting a default clears the old one in the same transaction, after locking the active rows (0.200166ms)
✔ deactivating clears the default so a later reactivation cannot silently retake the slot (0.159625ms)
✔ a bank account belonging to another Supplier is not found rather than refused (0.651333ms)
✔ every write re-checks the permission, so a revoked token cannot keep writing (0.163667ms)
✔ reveal needs bank.view specifically, not bank.mgmt (0.284125ms)
✔ reveal writes the audit inside the transaction and only returns the account after it commits (0.154583ms)
✔ a reveal whose audit fails returns no account at all (0.185417ms)
✔ a reveal of a tampered row fails instead of returning something (0.113458ms)
✔ an account the normalizer cannot represent is refused, and the error does not echo it (0.594916ms)
✔ every write demands a reason, because the audit is useless without one (0.137125ms)
✔ a stale version is a conflict on every write path (0.126041ms)
✔ an inactive account cannot be updated, defaulted or deactivated again (0.116917ms)
✔ duplicate detection asks the same question as the unique index, inactive rows included (0.182083ms)
✔ a create that loses the race is a 409, not a 500 carrying the blind index (0.432625ms)
✔ the masked list is gated on supplier.view (0.104375ms)
✔ a caller who never had the permission gets 403, not a conflict (0.063125ms)
✔ a bank account not found reports a well-formed code (0.098042ms)
✔ the duplicate translation covers update and setDefault, not just create (0.209917ms)
✔ the duplicate translation reads the driver code through the wrapper, not off the top-level error (0.189125ms)
✔ an unreadable row is logged as an error, and tampering and a missing key are told apart (0.195959ms)
✔ an INSERT that can violate two constraints is asked about both (0.288459ms)
✔ reports NOT_INSTALLED only when the Supplier schema is absent (1.272459ms)
✔ returns bounded Currency reference counts and a data-drift watermark (0.150292ms)
✔ uses the Payment Term foreign key and accepts zero references (0.072708ms)
✔ fails closed for malformed subjects or checker results (0.455917ms)
✔ fails closed when a referenced Supplier has an unclassified status (0.0935ms)
✔ Supplier config supplies bounded Phase 1 defaults without requiring Bank keys (1.232125ms)
✔ Supplier config validates and redacts both independent Bank key rings (1.224ms)
✔ Supplier config rejects partial, malformed and unusable Bank key rings (0.310292ms)
✔ Supplier config rejects unbounded duplicate and import values (0.139833ms)
✔ Contact handlers use supplier.mgmt, ownership route ids and closed schemas (1.293292ms)
✔ Contact migration inspector accepts absence and rejects partial schemas (0.860875ms)
✔ create normalizes contact fields, switches the requested primary and audits atomically (1.76225ms)
✔ create rejects malformed optional email and phone values (0.370042ms)
✔ contact update rejects a child id that does not belong to the route Supplier (0.169209ms)
✔ contact deactivate clears primary flags and preserves purpose mappings (0.151875ms)
✔ Supplier core schema inspectors accept an absent table and reject a partial table (0.930375ms)
✔ Supplier create route is idempotent, permission protected and accepts only the minimum root fields (1.121375ms)
✔ Unicode bigrams are unique, deterministic and exact single-character names have no grams (1.435791ms)
✔ Dice score has deterministic exact and threshold boundaries (0.099ms)
✔ candidate ranking is exact first, thresholded, stable and capped at ten warnings (0.275459ms)
✔ single-character candidate lookup uses exact name only (0.097375ms)
✔ name gram replacement uses the caller transaction and deletes before bulk insert (0.09725ms)
✔ Identifier handlers use supplier.mgmt, ownership routes, version and reasons (1.392416ms)
✔ Identifier migration inspector accepts absence and rejects a partial schema (0.83925ms)
✔ create normalizes identifier type, country and separator-insensitive key before auditing (1.127958ms)
✔ create and update map database races to a non-disclosing public conflict (0.5115ms)
✔ create rejects oversized notes at the domain boundary (0.088667ms)
✔ update requires reason and enforces child ownership and version (0.129542ms)
✔ delete rejects referenced identifiers and audits an allowed versioned deletion (0.774083ms)
✔ an identifier write invalidates a pending approval and returns the Supplier to draft (0.356625ms)
✔ an identifier write on a Supplier that is not pending leaves the approval domain alone (0.088291ms)
✔ the import root is optional until import is deployed, and must be absolute when given (0.961334ms)
✔ the Supplier import root may not overlap a Customer import or attachment root (11.756625ms)
✔ the Supplier import root may not overlap an Item media or import directory (HD-040) (0.628541ms)
✔ stored names are generated by the server, and a path cannot be steered out of its kind directory (0.225125ms)
✔ listing for cleanup never follows a symlink or leaves the root (6.641084ms)
✔ precheck, worker and purge have three distinct, valid job names (0.117625ms)
✔ CSV is parsed by one locked csv-parse / csv-stringify, never by splitting on commas (4.390083ms)
✔ the job state machine covers the ten designed states and only the designed moves (1.329125ms)
✔ job counts are rebuilt from row statuses, with invalid rows still pending until they are skipped (0.116541ms)
✔ the execution API refuses malformed input before touching the database (0.32825ms)
✔ applyRow's connection admits data statements only, however a control statement is spelled (REV-062 M-4) (0.439167ms)
✔ the worker hands its logger to the import service, so row failures reach the system log (1.052708ms)
✔ the worker's scheduled job carries the name T41 reserved for it (0.613917ms)
✔ with no import root or no row writer, the worker claims nothing (0.214ms)
✔ the worker processes rows in order until none are left, then finalizes (0.117292ms)
✔ abort or shutdown stops the worker between rows and it claims nothing new (0.125333ms)
✔ the import root is prepared 0700 and refused when shared, loose or overlapping (12.056458ms)
✔ the worker prepares its root before it registers, and registers even when import is not deployed (1.488667ms)
✔ Supplier lifecycle handlers expose the designed routes and management permission (1.29125ms)
✔ high-risk auth and reason requirements match the lifecycle contract (0.087666ms)
✔ block and unblock require both view and approval with device-password auth (0.057125ms)
✔ activate and reactivate revalidate activation data and write one atomic audit (1.87675ms)
✔ same-target lifecycle replay returns current state without version increment or duplicate audit (0.3375ms)
✔ every registered lifecycle command is covered by the replay filter (0.508166ms)
✔ replay detection ignores non-lifecycle audit rows written after the command (0.152292ms)
✔ block and unblock follow the exact state matrix and unblock only to Suspended (0.154709ms)
✔ archive returns named open-flow blockers and restore only returns Suspended (0.123ms)
✔ delete permits only an unreferenced never-active Draft and retains a reasoned audit (0.241208ms)
✔ audit failure rolls a lifecycle state change back as one transaction (0.148667ms)
✔ approval-enabled activation routes to pending_approval instead of going straight to active (0.233083ms)
✔ a RESTRICT foreign key that no reference checker covers is reported as a reference conflict (0.073875ms)
✔ a re-sent activate returns current state whether the Supplier is pending or already active (0.103333ms)
✔ AC-013: a pending Supplier cannot be activated directly, even after the policy is switched off (0.065ms)
✔ no lifecycle command admits pending_approval as a source state (0.039167ms)
✔ the submitted note reaches the request on the activate submit path too (0.107125ms)
✔ the readiness lookup lives under supplier-lookups, not under business-master (0.665166ms)
✔ it requires exactly supplier.settings, the same permission as the page that uses it (0.580625ms)
✔ reading readiness does not demand a password, and its schemas are closed (0.052875ms)
✔ the response is a whitelist: internal assembly detail cannot leak through it (0.192083ms)
✔ a NOT_READY provider is reported, not turned into an error (0.39325ms)
✔ every declared field survives the projection (0.073917ms)
✔ absent Business Master tables read as NOT_READY, which is what the page must show (0.308917ms)
✔ any other database failure is not dressed up as a readiness answer (0.228ms)
✔ a table present with the wrong columns is the version-mismatch half of the same label (0.082542ms)
✔ the activation policy lookup is reachable by a creator, an approver or a settings admin (0.052166ms)
✔ the policy lookup answers one boolean and nothing else about the settings row (0.141ms)
✔ the policy read does not lock the settings row (0.084125ms)
✔ a missing settings row is an error, never a silent no-approval-needed (0.134917ms)
✔ requires its minimal dependencies and exposes a versioned downstream contract (0.790917ms)
✔ findById uses a bounded read transaction and returns only the minimal non-bank projection (0.760125ms)
✔ purchase marks non-Active Suppliers unusable while history keeps every non-deleted status visible (0.091291ms)
✔ findByCode normalizes the manually entered Code and missing Suppliers return null (0.1485ms)
✔ findManyByIds de-duplicates stable IDs, performs one query and rejects unbounded or invalid inputs (0.375416ms)
✔ assertUsable distinguishes missing from non-Active and submit-time validation locks the current row (0.304333ms)
✔ getPurchaseDefaults revalidates Active status and shared references in the caller transaction (0.486583ms)
✔ unknown purpose, invalid timestamp, missing transaction and unavailable required provider fail closed (0.163333ms)
✔ Supplier Code keeps the trimmed display value and derives an NFKC case-insensitive key (1.510042ms)
✔ Supplier Name collapses whitespace only in the comparison key (0.158125ms)
✔ Identifier normalization is scoped by type and issuer country (0.132333ms)
✔ Email comparison and URL validation do not rewrite display values (0.273042ms)
✔ normalizers reject blank, overlong and control-character input (0.088459ms)
✔ optional Supplier root text is trimmed and rejects control characters (0.057334ms)
✔ 0028 seeds all six Supplier permissions and grants each to system-admin (1.387541ms)
✔ 0028 converges when it is run more than once (0.400917ms)
✔ Supplier summary and detail projections are explicit allowlists (1.233459ms)
✔ Supplier summary exposes only the primary-order Contact display name (0.057375ms)
✔ masked Bank projection never exposes encrypted material, key IDs or a short account tail (0.097375ms)
✔ the application container resolves both Supplier provider contracts and a downstream consumer can call Core lookup (2.261542ms)
✔ DEF-027: startup logs bank rows on a key outside the ring as an error, and never refuses to start (0.581417ms)
✔ list applies bounded paging, escaped search, allowlisted stable sort and excludes archived by default (1.580625ms)
✔ detail and completeness return projected fields without internal keys or bank plaintext (0.310291ms)
✔ duplicate check reports a hard Code conflict separately from warning-only name candidates (0.200542ms)
✔ query handlers expose distinct view/mgmt policies and bounded schemas (0.056166ms)
✔ Supplier reference guard returns named deterministic counts and a total (5.28525ms)
✔ Supplier reference guard rejects duplicate checker names and invalid counts (0.255375ms)
✔ both settings routes require supplier.settings and nothing weaker (1.153041ms)
✔ the write route demands device-password re-auth, the read route does not (0.049459ms)
✔ the update body is closed and demands version, reason and password (0.079541ms)
✔ every request schema on both routes is closed (0.063666ms)
✔ the activation policy is the one the create and activate routes actually consult (0.262666ms)
✔ reading settings returns the typed singleton with its version (1.31825ms)
✔ updating locks id=1, checks the version and audits before/after with the reason (0.361667ms)
✔ a settings change touches neither suppliers nor pending activation requests (0.156125ms)
✔ a stale version is a conflict and writes nothing (0.257875ms)
✔ a missing reason is rejected before anything is locked (0.192375ms)
✔ an unknown setting field is rejected rather than stored (0.139875ms)
✔ an update that changes nothing is still a conflict-free no-op with an audit trail (0.109792ms)
✔ getActivationPolicy reads the caller's transaction deterministically (0.092209ms)
✔ getActivationPolicy refuses to guess when the singleton row is absent (0.178791ms)
✔ a writer that slips in between the lock and the UPDATE is caught by the WHERE version guard (0.13225ms)
✔ an uninitialised settings table is a domain error on both the read and the write path (0.11125ms)
✔ an update naming no setting at all is rejected rather than bumping the version (0.072875ms)
✔ Supplier lifecycle accepts every documented transition and makes same-target retries idempotent (1.346625ms)
✔ Supplier lifecycle rejects undocumented transitions and never unblocks or restores directly to Active (0.22825ms)
✔ permanent deletion only accepts an unreferenced Draft (0.105833ms)
✔ general Supplier update excludes Supplier Code and requires optimistic version (1.1915ms)
✔ Supplier Code correction is a device-password command with a reason and password (0.065667ms)
✔ Supplier activation requires only Code, Name, an Active Currency and an allowed source state (0.863792ms)
✔ missing optional data produces bounded warnings and never activation issues (0.617458ms)
✔ bank completeness is only evaluated once a caller can answer it (0.057ms)
✔ activation issues can be projected separately from non-blocking completeness warnings (0.049625ms)
✔ unknown write fields are rejected instead of silently persisted (0.089667ms)
✔ system logger requires an injected logger (0.725875ms)
✔ system logger writes independent JSONL logs and redacts sensitive context (13.652667ms)
✔ time service formats every current timestamp and log date in application time zone (8.552625ms)
✔ the first load blocks startup, so no request is served before it finishes (1.611417ms)
✔ a failed first load fails startup instead of serving an empty snapshot (0.283792ms)
✔ a token older than the current version is revoked, the current one is not (0.085834ms)
✔ a token without ver is treated as revoked (0.078458ms)
✔ the first revocation takes a never-revoked subject from 0 to 1 (0.139958ms)
✔ revocation takes effect locally without waiting for the next refresh (0.099917ms)
✔ the version only ever moves forward, whichever instance bumped it (0.091667ms)
✔ a clock that disagrees with the database is reported (0.083084ms)
✔ the recorded revocation says which version it produced (0.448833ms)
✔ revoking without a subject is rejected (0.118375ms)
✔ a failed refresh keeps serving the old snapshot and says how stale it is (0.137333ms)
✔ fail open is time boxed: past the cap the snapshot stops counting (0.118167ms)
✔ failureMode open restores the unbounded behaviour (0.064625ms)
✔ a snapshot that never loaded is never usable (0.045916ms)
✔ recovery is logged with how long revocation was down (0.10075ms)
✔ a first-ever successful refresh is not reported as a recovery (0.049625ms)
✔ a successful refresh picks up another instance's revocation (0.049ms)
✔ the load query caps rows at maxCachedSubjects + 1, not the whole table (0.104167ms)
✔ a snapshot exactly at the limit still loads (0.049208ms)
✔ startup fails when the snapshot exceeds maxCachedSubjects (0.0685ms)
✔ a refresh that would exceed maxCachedSubjects fails open and leaves the old snapshot untouched (0.094334ms)
✔ currentVersion reads the database, not the snapshot (0.047ms)
✔ a subject that was never revoked is version 0, not a missing value (0.032083ms)
✔ currentVersion needs a subject, for the same reason revoke does (0.058375ms)
✔ a missing table says which SQL file creates it, even when found via currentVersion (0.069917ms)
✔ the configuration rejects values that would silently weaken revocation (0.0745ms)
✔ a zero clock skew allowance is legal, a negative one is not (0.048833ms)
✔ a clock inside the allowance is not reported (0.045125ms)
✔ a clock behind the database is reported too (0.03975ms)
✔ the fail open cap must not be tighter than the staleness guarantee (0.045167ms)
✔ the failure mode has to be one of the two modes that exist (0.043667ms)
✔ a revoked token is rejected with the same opaque code as any other failure (0.434375ms)
✔ an unusable snapshot rejects with 503, not 401 (0.087584ms)
✔ a known-revoked subject still gets 401 while the circuit is open (0.059708ms)
✔ a rejection logs a null request id rather than dropping the entry (0.077792ms)
✔ a token that is not revoked passes through untouched (0.610625ms)
✔ the refresh job is instance scoped, so every instance updates its own snapshot (0.742708ms)
✔ an interval slower than the staleness guarantee fails startup (0.372208ms)
✔ an interval within the guarantee registers normally (0.577416ms)
✔ the interval exactly equal to the guarantee is allowed (0.053083ms)
✔ the deployment override wins over the static declaration (0.048083ms)
✔ the job submits itself and its declaration resolves to a real method (0.067667ms)
✔ running the job reaches the revocation service (0.058792ms)
✔ a refresh that fails open still fails the job (0.05825ms)
✔ the job is discovered by the ordinary service mechanism (62.79625ms)
✔ disabling the revocation service fails startup because auth.jwt requires it (6.966084ms)
✔ a COMMIT that never answers is cut off by the deadline (53.191542ms)
✔ a ROLLBACK that never answers is cut off too (50.881416ms)
✔ a BEGIN that never answers is cut off as well (50.638209ms)
✔ a commit inside the deadline is untouched (0.22725ms)
✔ an indeterminate commit is a different error from a clean timeout (103.808583ms)
✔ an indeterminate commit is reported with what a human needs to reconcile (51.765084ms)
✔ a connection lost during COMMIT is indeterminate even without a timeout (0.872958ms)
✔ a commit the server refuses outright is determinate, not indeterminate (0.605084ms)
✔ a failed COMMIT is not chased by a ROLLBACK (0.479666ms)
✔ no failed transaction ever puts its connection back in the pool (52.615208ms)
✔ an operation discarded by an already-aborted signal does not crash the process (52.889417ms)
✔ a transaction budget longer than the request budget fails startup (15.5665ms)
✔ the check counts the wait for a connection, not just the transaction (0.344583ms)
✔ a budget that exactly fills the request timeout is refused (0.333041ms)
✔ the shipped defaults leave the transaction inside the request budget (0.165083ms)
✔ the gate hands out exactly its configured number of slots (1.301292ms)
✔ releasing a slot twice does not create a slot out of nothing (0.069291ms)
✔ the gate refuses to be built without a usable limit (0.209917ms)
✔ a declared Content-Length over the limit is refused before a slot is taken (3.625542ms)
✔ a client that lies about Content-Length is still stopped mid-stream (1.735667ms)
✔ text fields count toward the request budget, not just files (0.443667ms)
✔ files that each fit can still be refused as a group (1.682125ms)
✔ a group inside the total budget is accepted (1.596208ms)
✔ uploads beyond the gate get 503 with Retry-After, not a queue slot (1.487209ms)
✔ slots come back after every terminal path, so capacity does not decay (2.3505ms)
✔ a client that disconnects mid-upload gives its slot back (0.634583ms)
✔ a multipart header busboy cannot parse gives its slot back (0.371417ms)
✔ a malformed multipart body gives its slot back (0.495541ms)
✔ an upload middleware with no gate still works (0.795958ms)
✔ memory-only uploads expose the verified buffer without writing plaintext (0.632834ms)
✔ a rejected memory-only multipart request wipes buffers collected before the failure (0.46425ms)
✔ the per-route totals default to the product they are meant to bound (0.085583ms)
✔ memory-only upload config does not require a plaintext directory (0.037916ms)
✔ failed memory-only requests wipe their buffered file content (0.098833ms)
✔ upload sizes have a ceiling, because they multiply (0.081667ms)
✔ the totals must be able to hold what the per-item limits allow (0.064167ms)
✔ startup states the worst-case upload memory, because nobody computes it (59.319875ms)
✔ the global upload config defaults and validates its concurrency (0.256541ms)
✔ a file arriving in many chunks is stored byte-for-byte (3.135833ms)
✔ constructor requires database, logger, time and tokenRevocation (0.865375ms)
✔ create makes a user with must_change_password set and a 72h deadline (93.4815ms)
✔ create rejects a duplicate username with USERNAME_TAKEN (92.600208ms)
✔ create rejects a weak password before touching the database (0.163833ms)
✔ create rejects an unknown role id (0.503416ms)
✔ create denies an actor granting permissions they do not hold themselves (0.179375ms)
✔ assignRoles lets a fresh protected admin delegate a Customer bank role without receiving route access (0.367333ms)
✔ assignRoles refuses the protected exception when the admin targets themselves (0.173625ms)
✔ create writes exactly one audit row on success, and none on failure (181.100833ms)
✔ every write rejects with PERMISSION_STALE when the actor's permissions changed (0.211375ms)
✔ PERMISSION_STALE also fires when the actor's own account is gone (0.123291ms)
✔ update changes displayName and records before/after in the audit detail (0.153208ms)
✔ update on a missing user throws USER_NOT_FOUND (0.083958ms)
✔ disable revokes the token before writing the status change (0.237ms)
✔ disabling an already-disabled user is a no-op: no revoke, no audit row (0.083791ms)
✔ disabling the last active system-admin is refused, and nothing is revoked (0.099334ms)
✔ disabling one of two admins succeeds, leaving the other untouched (0.085417ms)
✔ disable retries once when the protective UPDATE deadlocks, and still succeeds (12.6745ms)
✔ disable gives up after repeated deadlocks and surfaces the error (60.807958ms)
✔ disable on a missing user throws USER_NOT_FOUND (0.242541ms)
✔ enable clears the lockout and does not touch tokenRevocation (0.1935ms)
✔ enabling an already-active user is a no-op: no audit row (0.077333ms)
✔ assignRoles overwrites the role set and audits before/after (0.135625ms)
✔ assignRoles rejects a stale expected set (compare-and-set) (0.087459ms)
✔ assignRoles denies an actor granting a permission they do not hold (0.109625ms)
✔ assignRoles allows removing a role the actor does not hold themselves (de-escalation is fine) (0.084417ms)
✔ assignRoles refuses to strip the last admin's role (0.074791ms)
✔ assignRoles rejects an unknown role id (0.065875ms)
✔ resetPassword revokes the token, sets must_change_password and a new deadline (275.003542ms)
✔ resetPassword rejects setting the same password again (182.985833ms)
✔ resetPassword rejects a weak new password (0.208333ms)
✔ authenticate accepts the right password and returns roles and permissions (184.987167ms)
✔ authenticate clears the failure counter after a successful login (184.006667ms)
✔ authenticate rejects the wrong password and counts the attempt (183.339916ms)
✔ authenticate locks the account on the fifth consecutive failure (183.156667ms)
✔ authenticate does not lock the account before the fifth consecutive failure (182.539125ms)
✔ authenticate rejects a locked account even with the right password (179.737917ms)
✔ authenticate accepts the right password once the lock has expired (184.091208ms)
✔ authenticate rejects a disabled account (273.035833ms)
✔ authenticate rejects an unknown user (184.308708ms)
✔ authenticate rejects an expired temporary password even though it is correct (182.628042ms)
✔ authenticate accepts a temporary password that has not expired yet (183.979ms)
✔ authenticate accepts a password with no temporary deadline at all (182.301333ms)
✔ an expired temporary password still clears the failure counter: the credential was correct (182.967958ms)
✔ verifyPasswordById also rejects an expired temporary password (183.345291ms)
✔ verifyPasswordById accepts the right password without returning a user (183.787542ms)
✔ verifyPasswordById rejects the wrong password and counts toward the same lockout as authenticate (182.750583ms)
✔ verifyPasswordById and authenticate share one lockout: five failures from either one locks both (636.001291ms)
✔ verifyPasswordById rejects a locked account even with the right password (183.61325ms)
✔ verifyPasswordById rejects a disabled account (275.578917ms)
✔ verifyPasswordById rejects an unknown id (182.70525ms)
✔ authenticate spends the same work on an unknown user as on a wrong password (366.546792ms)
✔ authenticate spends comparable time on a locked account as on a wrong password (361.638959ms)
✔ findActiveById returns the user with roles and permissions (92.019333ms)
✔ findActiveById reports mustChangePassword when the flag is set (91.651292ms)
✔ findActiveById returns null when the user is gone or disabled (0.143833ms)
✔ findActiveById only matches active users (91.273083ms)
✔ 輸入順序唔影響結果：排序之後先計 hash (0.905042ms)
✔ 回傳 64 字元嘅 hex 字串 (0.103209ms)
✔ 唔同嘅值計出唔同嘅 signature (0.065542ms)
✔ 唔同嘅 attributeId 組合都計出唔同嘅 signature (0.044708ms)
✔ 同一個 attributeId 出現兩次：拋錯，唔會靜靜哋得返一個 (0.157875ms)
✔ 空陣列：拋錯 (0.047ms)
✔ Unicode normalization：precomposed 同 decomposed 嘅同一個字，正規化之後計出同一個 signature (0.063333ms)
✔ single_option：optionId 轉做字串 (0.041292ms)
✔ text／long_text：去頭尾空白 (0.037708ms)
✔ decimal：固定 6 位小數，唔同輸入形式嘅同一個數值要一致 (0.039416ms)
✔ boolean：true／false 字面值 (0.026875ms)
✔ date：epoch 毫秒轉做字串 (0.02625ms)
✔ 未知嘅 data type：拋錯 (0.033166ms)
✔ 由 typedValueToCanonicalString 到 computeVariantSignature 完整走一次：小數輸入形式唔同都算同一個組合 (0.081ms)
ℹ tests 2392
ℹ suites 0
ℹ pass 2378
ℹ fail 0
ℹ cancelled 0
ℹ skipped 14
ℹ todo 0
ℹ duration_ms 218640.0805
ℹ start of coverage report
ℹ ---------------------------------------------------------------------------------------------------------------------------------------------------------------------------------------------------------------------------------------------------------------------------------------------------------------------------------------------------------------------------------------------------------------------------------------------------------------------------------------------------------------------------------------------------------------------------------------------------------------------------------------------------------------------
ℹ file                                                | line % | branch % | funcs % | uncovered lines
ℹ ---------------------------------------------------------------------------------------------------------------------------------------------------------------------------------------------------------------------------------------------------------------------------------------------------------------------------------------------------------------------------------------------------------------------------------------------------------------------------------------------------------------------------------------------------------------------------------------------------------------------------------------------------------------------
ℹ config                                              |        |          |         | 
ℹ  api.js                                             | 100.00 |   100.00 |  100.00 | 
ℹ  application.js                                     | 100.00 |   100.00 |  100.00 | 
ℹ  customer.js                                        | 100.00 |    20.00 |  100.00 | 
ℹ  database.js                                        | 100.00 |    14.29 |  100.00 | 
ℹ  deviceBinding.js                                   | 100.00 |   100.00 |  100.00 | 
ℹ  idempotency.js                                     | 100.00 |   100.00 |  100.00 | 
ℹ  inventory.js                                       | 100.00 |   100.00 |  100.00 | 
ℹ  item.js                                            | 100.00 |   100.00 |  100.00 | 
ℹ  jwt.js                                             | 100.00 |   100.00 |  100.00 | 
ℹ  logging.js                                         | 100.00 |   100.00 |  100.00 | 
ℹ  request.js                                         | 100.00 |   100.00 |  100.00 | 
ℹ  requestLimiter.js                                  | 100.00 |   100.00 |  100.00 | 
ℹ  scheduler.js                                       | 100.00 |   100.00 |  100.00 | 
ℹ  security.js                                        | 100.00 |   100.00 |  100.00 | 
ℹ  supplier.js                                        | 100.00 |    20.00 |  100.00 | 
ℹ  tokenRevocation.js                                 | 100.00 |   100.00 |  100.00 | 
ℹ database                                            |        |          |         | 
ℹ  migrations                                         |        |          |         | 
ℹ   0001_add_idempotency_lease_owner.js               | 100.00 |   100.00 |  100.00 | 
ℹ   0006_add_user_password_columns.js                 | 100.00 |   100.00 |  100.00 | 
ℹ   0007_add_user_audit_logs.js                       | 100.00 |   100.00 |  100.00 | 
ℹ   0008_seed_user_management_permissions.js          |  86.81 |    66.67 |  100.00 | 50-56 85-89
ℹ   0010_seed_item_management_permissions.js          |  84.81 |    66.67 |  100.00 | 38-44 73-77
ℹ   0011_create_item_categories.js                    | 100.00 |   100.00 |  100.00 | 
ℹ   0012_create_item_brands.js                        | 100.00 |   100.00 |  100.00 | 
ℹ   0013_create_item_uoms.js                          | 100.00 |   100.00 |  100.00 | 
ℹ   0014_create_items.js                              | 100.00 |   100.00 |  100.00 | 
ℹ   0015_create_item_skus.js                          | 100.00 |   100.00 |  100.00 | 
ℹ   0016_create_item_sku_uoms.js                      | 100.00 |   100.00 |  100.00 | 
ℹ   0017_create_item_sku_barcodes.js                  | 100.00 |   100.00 |  100.00 | 
ℹ   0018_create_item_attribute_definitions.js         | 100.00 |   100.00 |  100.00 | 
ℹ   0019_create_item_attribute_options.js             | 100.00 |   100.00 |  100.00 | 
ℹ   0020_create_item_category_attributes.js           | 100.00 |   100.00 |  100.00 | 
ℹ   0021_create_item_attribute_values.js              | 100.00 |   100.00 |  100.00 | 
ℹ   0022_create_item_sku_attribute_values.js          | 100.00 |   100.00 |  100.00 | 
ℹ   0023_create_item_media.js                         | 100.00 |   100.00 |  100.00 | 
ℹ   0024_create_item_audit_logs.js                    | 100.00 |   100.00 |  100.00 | 
ℹ   0025_create_item_import_jobs.js                   | 100.00 |   100.00 |  100.00 | 
ℹ   0026_create_item_import_rows.js                   | 100.00 |   100.00 |  100.00 | 
ℹ   0027_create_business_master.js                    |  95.07 |    89.66 |  100.00 | 136-146
ℹ   0028_seed_supplier_management_permissions.js      | 100.00 |   100.00 |  100.00 | 
ℹ   0029_create_suppliers.js                          |  68.18 |    75.00 |  100.00 | 51-52 77-109
ℹ   0030_create_supplier_name_grams.js                |  80.95 |    76.92 |  100.00 | 27-28 53-62
ℹ   0032_create_supplier_addresses.js                 |  38.28 |    57.14 |   28.57 | 47-73 77-128
ℹ   0033_create_supplier_contacts.js                  |  37.98 |    57.14 |   28.57 | 47-76 80-129
ℹ   0034_create_supplier_identifiers.js               |  36.11 |    66.67 |   42.86 | 24-44 48-72
ℹ   0035_create_supplier_activation_requests.js       |  70.40 |    86.67 |  100.00 | 88-124
ℹ   0036_create_supplier_settings.js                  |  77.22 |    53.33 |  100.00 | 21-22 49-64
ℹ   0037_create_supplier_bank_accounts.js             |  77.89 |    81.36 |  100.00 | 213-214 226-227 233-293
ℹ   0038_seed_customer_permissions.js                 | 100.00 |   100.00 |  100.00 | 
ℹ   0039_create_customer_equality_key_foundation.js   | 100.00 |   100.00 |  100.00 | 
ℹ   0040_create_customer_classification_catalogs.js   |  97.04 |    90.00 |  100.00 | 72-73 96-97
ℹ   0041_extend_customer_root.js                      |  94.12 |    75.86 |   88.89 | 87-88 104-106 134-135 145-146
ℹ   0042_create_customer_audit_logs.js                |  76.34 |    66.67 |   75.00 | 43-64
ℹ   0043_create_customer_operation_requests.js        |  68.48 |    75.00 |   50.00 | 34-62
ℹ   0044_create_customer_party_tables.js              | 100.00 |    86.67 |  100.00 | 
ℹ   0045_create_customer_identifiers.js               | 100.00 |    92.31 |  100.00 | 
ℹ   0046_create_customer_credit_profiles.js           | 100.00 |    94.12 |  100.00 | 
ℹ   0047_create_customer_settings.js                  |  62.50 |    50.00 |   28.57 | 7-9 19 21-43
ℹ   0048_create_customer_activation_requests.js       |  66.00 |    80.00 |   90.00 | 29-30 69-100
ℹ   0049_create_customer_bank_accounts.js             |  73.08 |    69.70 |   88.89 | 79-80 85-86 120-121 125-126 142-143 151-152 165-208
ℹ   0050_create_customer_attachments.js               |  95.04 |    73.68 |  100.00 | 54-55 69-70 76-77
ℹ   0051_create_customer_attachment_stages.js         |  92.98 |    77.78 |  100.00 | 10-11 36-37
ℹ   0052_create_customer_import_jobs.js               |  96.03 |    79.17 |  100.00 | 62-63 77-78 89-90
ℹ   0053_create_customer_import_rows.js               |  97.47 |    80.95 |  100.00 | 51-52
ℹ   0054_create_customer_export_jobs.js               |  96.19 |    72.73 |  100.00 | 31-32 50-51
ℹ   0055_seed_inventory_permissions.js                | 100.00 |   100.00 |  100.00 | 
ℹ   0056_create_inventory_operations.js               |  65.81 |    62.50 |  100.00 | 39-40 45-46 65-66 78-79 85-116
ℹ   0057_create_inventory_audit.js                    |  69.19 |    60.00 |  100.00 | 45-46 51-52 71-72 88-89 103-104 122-123 126-132 137-170
ℹ   0058_create_inventory_master.js                   |  39.07 |    63.64 |   50.00 | 80-155 160-214
ℹ   0059_create_inventory_stock.js                    |  26.96 |   100.00 |    0.00 | 54-115 118-204
ℹ   0060_create_inventory_movements.js                |  22.73 |   100.00 |    0.00 | 43-91 93-118 121-198
ℹ   0061_create_supplier_import_jobs.js               |  76.96 |    85.37 |  100.00 | 144-145 159-203
ℹ   0062_create_supplier_import_rows.js               |  86.47 |    84.09 |  100.00 | 147-169
ℹ   0063_create_inventory_reservations.js             |  24.27 |   100.00 |    0.00 | 6-17 83-96 99-181 183-199 202-309
ℹ scripts                                             |        |          |         | 
ℹ  rotateCustomerBankEncryption.js                    |  60.29 |    77.78 |   50.00 | 32-55 58-60
ℹ  rotateSupplierBankEncryption.js                    | 100.00 |   100.00 |  100.00 | 
ℹ  runItemRecoveryAcceptance.js                       |  63.10 |    16.67 |   16.67 | 27-29 32-52 55-61
ℹ  supplierBankRotationCli.js                         |  94.92 |    94.87 |   81.82 | 172-184
ℹ src                                                 |        |          |         | 
ℹ  framework                                          |        |          |         | 
ℹ   api                                               |        |          |         | 
ℹ    apiDefinitionResolver.js                         |  96.75 |    90.00 |  100.00 | 48-49 74-75
ℹ    BaseRequestHandler.js                            |  86.32 |    76.56 |   75.00 | 56-57 65-66 83-86 89-90 106-107 147 154-155 158-167 170-171 255-256 260-265 270-271 298-301 304-307
ℹ    createHandlerServices.js                         | 100.00 |   100.00 |  100.00 | 
ℹ    handlerRegistry.js                               |  90.38 |    84.62 |  100.00 | 51-52 71-74 79-82
ℹ    normalizeApiConfig.js                            |  91.67 |    60.00 |  100.00 | 15-16
ℹ    normalizeApiDefaultsConfig.js                    |  84.13 |    68.57 |  100.00 | 16-17 44-45 75-76 79-80 83-86 93-94 97-98 101-104
ℹ   application                                       |        |          |         | 
ℹ    createApplication.js                             |  97.19 |    82.95 |   86.21 | 45-46 53-54 145-146 194-195 208-209 379-380 384-385 672-676
ℹ    processLifecycle.js                              |  88.79 |    63.16 |   75.00 | 18-19 28-30 46 61-65 75
ℹ   auth                                              |        |          |         | 
ℹ    AuthenticationError.js                           | 100.00 |   100.00 |  100.00 | 
ℹ    authStrategyRegistry.js                          |  86.26 |    80.56 |  100.00 | 15-16 24-27 49-50 55-58 87-88 109-112
ℹ    BaseAuthStrategy.js                              |  95.24 |   100.00 |   50.00 | 40-41
ℹ   authorization                                     |        |          |         | 
ℹ    authorizationPolicyRegistry.js                   |  89.62 |    75.00 |   93.10 | 21-22 45-48 64-65 95-96 99-100 103-104 111-112 120-121 131-132 144-145
ℹ   configuration                                     |        |          |         | 
ℹ    applicationConfiguration.js                      |  97.85 |    90.54 |  100.00 | 157-158 195-196 311-312 341-342
ℹ    ConfigurationError.js                            | 100.00 |   100.00 |  100.00 | 
ℹ    normalizeApplicationConfig.js                    | 100.00 |   100.00 |  100.00 | 
ℹ    normalizeDatabaseConfig.js                       |  96.77 |    72.41 |  100.00 | 35-36 45
ℹ    normalizeJwtConfig.js                            |  94.23 |    84.62 |  100.00 | 42-43 85-88
ℹ    normalizeRequestConfig.js                        |  93.33 |    75.00 |  100.00 | 6-7
ℹ    SecretValue.js                                   |  97.18 |    93.33 |   88.89 | 41-42
ℹ   diagnostics                                       |        |          |         | 
ℹ    reportInternalFailure.js                         | 100.00 |   100.00 |  100.00 | 
ℹ   errors                                            |        |          |         | 
ℹ    ApplicationError.js                              | 100.00 |   100.00 |  100.00 | 
ℹ   http                                              |        |          |         | 
ℹ    apiResponse.js                                   |  96.15 |    71.43 |  100.00 | 3-4
ℹ    fileResponse.js                                  |  86.30 |    74.07 |  100.00 | 62-69 92-93 97-104 144-145
ℹ    requestProcessingLifecycle.js                    | 100.00 |   100.00 |  100.00 | 
ℹ   middleware                                        |        |          |         | 
ℹ    apiDispatcher.js                                 |  93.36 |    81.65 |   93.75 | 44-45 50-53 69-70 79-80 83-84 95-96 103-104 111-112 115-116 125-126 135-136 156-157 221-222 238-239 242-243 246-247
ℹ    bodyReceiveTimeout.js                            | 100.00 |    92.59 |  100.00 | 
ℹ    errorHandler.js                                  |  90.79 |    72.22 |  100.00 | 39-40 43-44 64-66
ℹ    requestLogger.js                                 |  93.31 |    82.19 |   89.47 | 54-55 61-62 95-96 99-100 173-174 218-223
ℹ    requestTimeout.js                                |  87.01 |    75.00 |   90.00 | 28-29 32-33 36-37 40-41 134-145
ℹ   security                                          |        |          |         | 
ℹ    normalizeSecurityConfig.js                       |  97.30 |    98.25 |  100.00 | 92-95
ℹ    securityMiddleware.js                            | 100.00 |   100.00 |  100.00 | 
ℹ   services                                          |        |          |         | 
ℹ    BaseService.js                                   | 100.00 |   100.00 |  100.00 | 
ℹ    createServiceContainer.js                        | 100.00 |   100.00 |  100.00 | 
ℹ    requestServiceScope.js                           | 100.00 |   100.00 |  100.00 | 
ℹ    serviceAccess.js                                 |  54.84 |    88.89 |   66.67 | 3-4 14-25
ℹ    ServiceContainer.js                              |  95.70 |    91.12 |   90.24 | 10-11 91-92 95-96 163-164 356-357 416-417 463-467 472-473 528-529 536-537 553-554
ℹ    serviceDiscovery.js                              |  89.47 |    73.53 |  100.00 | 38-39 46-47 50-53 59-62 94-95
ℹ   upload                                            |        |          |         | 
ℹ    cleanupUploadedFiles.js                          |  81.25 |    78.57 |  100.00 | 38-42 55-61
ℹ    normalizeUploadConfig.js                         |  95.41 |    88.89 |  100.00 | 43-44 63-64 72-73 89-90 201-202
ℹ    signatureMatchers.js                             |  84.00 |    80.00 |   75.00 | 24-25 37-41 51-52 86-87 95-99
ℹ    uploadConcurrencyGate.js                         | 100.00 |   100.00 |  100.00 | 
ℹ    uploadMiddleware.js                              |  94.94 |    88.89 |   90.32 | 44-48 93-94 354 405-414 429-434
ℹ   validation                                        |        |          |         | 
ℹ    normalizeRequestValidationConfig.js              | 100.00 |   100.00 |  100.00 | 
ℹ    normalizeResponseValidationConfig.js             | 100.00 |   100.00 |  100.00 | 
ℹ    requestValidator.js                              |  92.81 |    81.58 |  100.00 | 59-60 67-70 77-80
ℹ    responseValidator.js                             |  87.20 |    80.00 |  100.00 | 54-55 60-61 67-70 93-100
ℹ   versioning                                        |        |          |         | 
ℹ    apiLifecycle.js                                  |  86.21 |    70.00 |  100.00 | 9-10 20-21 24-25 37-38 41-42 45-46
ℹ    normalizeApiVersioningConfig.js                  | 100.00 |   100.00 |  100.00 | 
ℹ  handlers                                           |        |          |         | 
ℹ   audit                                             |        |          |         | 
ℹ    auditSchemas.js                                  | 100.00 |   100.00 |  100.00 | 
ℹ    listAuditLogsHandler.js                          | 100.00 |   100.00 |  100.00 | 
ℹ   business-master                                   |        |          |         | 
ℹ    auditHandler.js                                  | 100.00 |    50.00 |  100.00 | 
ℹ    businessMasterSchemas.js                         | 100.00 |   100.00 |  100.00 | 
ℹ    currencyHandlers.js                              | 100.00 |    95.24 |   72.22 | 
ℹ    handlerSupport.js                                | 100.00 |    85.71 |  100.00 | 
ℹ    paymentTermHandlers.js                           |  95.35 |   100.00 |   65.00 | 47-50
ℹ   catalog                                           |        |          |         | 
ℹ    attributeHandlers.js                             |  92.96 |    84.21 |   81.48 | 82-97 208-209 257-258 282-283 295-296
ℹ    brandHandlers.js                                 |  99.37 |    92.68 |   96.30 | 185-186
ℹ    catalogSchemas.js                                | 100.00 |   100.00 |  100.00 | 
ℹ    categoryHandlers.js                              |  99.51 |    95.56 |   96.97 | 191-192
ℹ    uomHandlers.js                                   |  99.36 |    94.87 |   96.30 | 181-182
ℹ   customer-approvals                                |        |          |         | 
ℹ    approvalHandlers.js                              | 100.00 |   100.00 |   46.15 | 
ℹ   customer-approvers                                |        |          |         | 
ℹ    listCustomerApproversHandler.js                  |  87.50 |   100.00 |   66.67 | 14-15
ℹ   customer-catalog                                  |        |          |         | 
ℹ    customerCatalogHandlers.js                       |  93.48 |   100.00 |   50.00 | 9-11
ℹ    customerCatalogSchemas.js                        | 100.00 |   100.00 |  100.00 | 
ℹ   customer-exports                                  |        |          |         | 
ℹ    customerExportHandlers.js                        |  83.33 |    72.73 |   77.78 | 33-34 47-53
ℹ    customerExportSchemas.js                         | 100.00 |   100.00 |  100.00 | 
ℹ    customerExportSupport.js                         |  91.30 |    66.67 |  100.00 | 8-9
ℹ   customer-imports                                  |        |          |         | 
ℹ    cancelCustomerImportHandler.js                   |  76.19 |   100.00 |   66.67 | 16-20
ℹ    confirmCustomerImportHandler.js                  | 100.00 |    57.14 |  100.00 | 
ℹ    customerImportSchemas.js                         | 100.00 |   100.00 |  100.00 | 
ℹ    customerImportSupport.js                         |  91.30 |    66.67 |  100.00 | 8-9
ℹ    downloadCustomerImportResultHandler.js           |  66.67 |   100.00 |   66.67 | 16-23
ℹ    downloadCustomerImportTemplateHandler.js         |  68.18 |   100.00 |   50.00 | 15-21
ℹ    getCustomerImportHandler.js                      | 100.00 |   100.00 |   66.67 | 
ℹ    listCustomerImportsHandler.js                    | 100.00 |   100.00 |   66.67 | 
ℹ    uploadCustomerImportHandler.js                   |  63.89 |   100.00 |   66.67 | 23-35
ℹ   customer-operations                               |        |          |         | 
ℹ    getCustomerOperationHandler.js                   |  85.71 |    80.00 |  100.00 | 34-39
ℹ   customer-settings                                 |        |          |         | 
ℹ    settingsHandlers.js                              |  73.53 |   100.00 |   50.00 | 10-16 39-40 55-63
ℹ    settingsSchemas.js                               | 100.00 |   100.00 |  100.00 | 
ℹ   customers                                         |        |          |         | 
ℹ    customerAttachmentHandlers.js                    |  75.15 |    65.22 |   60.87 | 44-50 59-72 85-87 94-106 131-133 150-151
ℹ    customerAttachmentSchemas.js                     | 100.00 |   100.00 |  100.00 | 
ℹ    customerBankHandlers.js                          |  83.12 |    88.89 |   46.67 | 14-20 35-37 74-76
ℹ    customerBankSchemas.js                           | 100.00 |   100.00 |  100.00 | 
ℹ    customerHandlers.js                              | 100.00 |    93.33 |   76.12 | 
ℹ    customerSchemas.js                               | 100.00 |   100.00 |  100.00 | 
ℹ   device                                            |        |          |         | 
ℹ    deviceBindingSchemas.js                          | 100.00 |    50.00 |  100.00 | 
ℹ    myDevicesHandler.js                              | 100.00 |   100.00 |  100.00 | 
ℹ    pendingDevicesHandler.js                         | 100.00 |   100.00 |  100.00 | 
ℹ    reviewDeviceHandlers.js                          |  98.92 |   100.00 |   92.31 | 33-34
ℹ   healthHandler.js                                  |  88.10 |    57.14 |  100.00 | 61-62 75-82
ℹ   inventory                                         |        |          |         | 
ℹ    allocationHandlers.js                            | 100.00 |    90.91 |  100.00 | 
ℹ    binHandlers.js                                   | 100.00 |    81.25 |   66.67 | 
ℹ    inquiryHandlers.js                               | 100.00 |   100.00 |   65.00 | 
ℹ    inventorySchemas.js                              | 100.00 |   100.00 |  100.00 | 
ℹ    postingHandlers.js                               | 100.00 |    77.78 |  100.00 | 
ℹ    reservationHandlers.js                           | 100.00 |    92.31 |  100.00 | 
ℹ    reservationInquiryHandlers.js                    | 100.00 |   100.00 |  100.00 | 
ℹ    warehouseHandlers.js                             |  86.08 |   100.00 |   50.00 | 11-17 19-22
ℹ   item-audit                                        |        |          |         | 
ℹ    itemAuditSchemas.js                              | 100.00 |   100.00 |  100.00 | 
ℹ    listItemAuditLogsHandler.js                      | 100.00 |   100.00 |  100.00 | 
ℹ   item-bulk                                         |        |          |         | 
ℹ    changeItemStatusBulkHandler.js                   | 100.00 |    77.78 |  100.00 | 
ℹ   item-exports                                      |        |          |         | 
ℹ    exportSkusHandler.js                             | 100.00 |    71.43 |  100.00 | 
ℹ   item-imports                                      |        |          |         | 
ℹ    cancelItemImportHandler.js                       | 100.00 |   100.00 |  100.00 | 
ℹ    confirmItemImportHandler.js                      | 100.00 |    77.78 |  100.00 | 
ℹ    downloadItemImportResultHandler.js               | 100.00 |   100.00 |  100.00 | 
ℹ    downloadItemImportTemplateHandler.js             | 100.00 |   100.00 |  100.00 | 
ℹ    getItemImportHandler.js                          |  96.30 |    80.00 |  100.00 | 42-43
ℹ    itemImportSchemas.js                             | 100.00 |   100.00 |  100.00 | 
ℹ    listItemImportsHandler.js                        | 100.00 |   100.00 |  100.00 | 
ℹ    uploadItemImportHandler.js                       |  97.78 |    83.33 |  100.00 | 74-75
ℹ   item-media                                        |        |          |         | 
ℹ    deleteItemMediaHandler.js                        |  90.00 |    66.67 |  100.00 | 78-86
ℹ    downloadItemMediaHandler.js                      | 100.00 |   100.00 |  100.00 | 
ℹ    itemMediaSchemas.js                              | 100.00 |   100.00 |  100.00 | 
ℹ    updateItemMediaHandler.js                        | 100.00 |    75.00 |  100.00 | 
ℹ   items                                             |        |          |         | 
ℹ    checkItemDuplicatesHandler.js                    | 100.00 |   100.00 |  100.00 | 
ℹ    createItemHandler.js                             | 100.00 |    71.43 |  100.00 | 
ℹ    getItemHandler.js                                | 100.00 |   100.00 |  100.00 | 
ℹ    itemAttributeResponseSchemas.js                  | 100.00 |   100.00 |  100.00 | 
ℹ    itemHighRiskHandlers.js                          | 100.00 |    84.62 |  100.00 | 
ℹ    itemMediaUploadHandler.js                        |  97.67 |    75.00 |  100.00 | 68-69
ℹ    itemSchemas.js                                   | 100.00 |   100.00 |  100.00 | 
ℹ    itemStatusHandlers.js                            |  98.88 |    92.59 |   94.12 | 50-51
ℹ    listItemsHandler.js                              | 100.00 |   100.00 |  100.00 | 
ℹ    updateItemHandler.js                             | 100.00 |    71.43 |  100.00 | 
ℹ   permissions                                       |        |          |         | 
ℹ    listPermissionsHandler.js                        | 100.00 |   100.00 |  100.00 | 
ℹ   roles                                             |        |          |         | 
ℹ    assignRolePermissionsHandler.js                  | 100.00 |    71.43 |  100.00 | 
ℹ    createRoleHandler.js                             | 100.00 |    57.14 |  100.00 | 
ℹ    deleteRoleHandler.js                             | 100.00 |    71.43 |  100.00 | 
ℹ    listRolesHandler.js                              | 100.00 |   100.00 |  100.00 | 
ℹ    roleSchemas.js                                   | 100.00 |   100.00 |  100.00 | 
ℹ    updateRoleHandler.js                             | 100.00 |    62.50 |  100.00 | 
ℹ   skus                                              |        |          |         | 
ℹ    createSkuHandler.js                              | 100.00 |    71.43 |  100.00 | 
ℹ    getSkuHandler.js                                 | 100.00 |   100.00 |  100.00 | 
ℹ    listSkusHandler.js                               | 100.00 |   100.00 |  100.00 | 
ℹ    skuHighRiskHandlers.js                           | 100.00 |    88.24 |  100.00 | 
ℹ    skuMediaUploadHandler.js                         |  97.59 |    60.00 |  100.00 | 65-66
ℹ    skuSchemas.js                                    | 100.00 |   100.00 |  100.00 | 
ℹ    skuStatusHandlers.js                             |  98.67 |    92.00 |   93.75 | 48-49
ℹ    updateSkuHandler.js                              | 100.00 |    71.43 |  100.00 | 
ℹ   supplier-approvals                                |        |          |         | 
ℹ    approvalHandlers.js                              |  82.89 |   100.00 |   46.15 | 30-36 38-46 79-80 96-97 114-115 132-133 150-151
ℹ    approvalSchemas.js                               | 100.00 |   100.00 |  100.00 | 
ℹ   supplier-approvers                                |        |          |         | 
ℹ    listSupplierApproversHandler.js                  |  87.04 |   100.00 |   66.67 | 47-53
ℹ   supplier-audit                                    |        |          |         | 
ℹ    auditHandlers.js                                 |  87.50 |   100.00 |   66.67 | 49-55
ℹ   supplier-lookups                                  |        |          |         | 
ℹ    activationPolicyHandler.js                       | 100.00 |   100.00 |  100.00 | 
ℹ    businessMasterReadinessHandler.js                | 100.00 |   100.00 |  100.00 | 
ℹ   supplier-settings                                 |        |          |         | 
ℹ    settingsHandlers.js                              |  74.67 |   100.00 |   50.00 | 15-21 47-48 65-74
ℹ    settingsSchemas.js                               | 100.00 |   100.00 |  100.00 | 
ℹ   suppliers                                         |        |          |         | 
ℹ    createSupplierHandler.js                         |  76.74 |   100.00 |   66.67 | 33-42
ℹ    supplierAddressHandlers.js                       |  89.52 |   100.00 |   50.00 | 56-62 91-92 103-104
ℹ    supplierApprovalWithdrawHandler.js               | 100.00 |    66.67 |  100.00 | 
ℹ    supplierBankHandlers.js                          | 100.00 |    90.91 |  100.00 | 
ℹ    supplierBankSchemas.js                           | 100.00 |   100.00 |  100.00 | 
ℹ    supplierContactHandlers.js                       |  89.22 |   100.00 |   50.00 | 53-59 88-89 100-101
ℹ    supplierIdentifierHandlers.js                    |  89.11 |   100.00 |   50.00 | 52-58 87-88 99-100
ℹ    supplierLifecycleHandlers.js                     |  89.72 |   100.00 |   52.63 | 23-33
ℹ    supplierQueryHandlers.js                         |  83.52 |   100.00 |   50.00 | 16-22 47-48 61-62 75-76 89-90
ℹ    supplierSchemas.js                               | 100.00 |   100.00 |  100.00 | 
ℹ    supplierUpdateHandlers.js                        |  74.73 |   100.00 |   62.50 | 16-24 57-62 83-90
ℹ   user                                              |        |          |         | 
ℹ    changePasswordHandler.js                         | 100.00 |    62.50 |  100.00 | 
ℹ    loginHandler.js                                  | 100.00 |   100.00 |  100.00 | 
ℹ    logoutHandler.js                                 | 100.00 |   100.00 |  100.00 | 
ℹ    meHandler.js                                     | 100.00 |   100.00 |  100.00 | 
ℹ    refreshTokenHandler.js                           |  98.94 |    90.91 |  100.00 | 144-145
ℹ    updateProfileHandler.js                          | 100.00 |    80.00 |  100.00 | 
ℹ   users                                             |        |          |         | 
ℹ    assignUserRolesHandler.js                        | 100.00 |    71.43 |  100.00 | 
ℹ    createUserHandler.js                             | 100.00 |    55.56 |  100.00 | 
ℹ    disableUserHandler.js                            | 100.00 |    71.43 |  100.00 | 
ℹ    enableUserHandler.js                             | 100.00 |    66.67 |  100.00 | 
ℹ    getUserHandler.js                                | 100.00 |   100.00 |  100.00 | 
ℹ    listUsersHandler.js                              | 100.00 |   100.00 |  100.00 | 
ℹ    resetUserPasswordHandler.js                      |  81.69 |   100.00 |   66.67 | 58-70
ℹ    updateUserHandler.js                             | 100.00 |    66.67 |  100.00 | 
ℹ    userSchemas.js                                   | 100.00 |   100.00 |  100.00 | 
ℹ  modules                                            |        |          |         | 
ℹ   audit                                             |        |          |         | 
ℹ    AuditLogService.js                               | 100.00 |    75.56 |   87.50 | 
ℹ   authorization                                     |        |          |         | 
ℹ    adminGuard.js                                    | 100.00 |   100.00 |  100.00 | 
ℹ    directoryLookups.js                              | 100.00 |   100.00 |  100.00 | 
ℹ    permissionCatalogue.js                           | 100.00 |   100.00 |  100.00 | 
ℹ   businessMaster                                    |        |          |         | 
ℹ    BusinessMasterAdminService.js                    |  68.36 |    72.06 |   64.71 | 17-18 24-25 38-39 94-96 99-103 143-146 149-153 172-190 273-278 281-296 299-304 307-323 326-344 348-353
ℹ    BusinessMasterAuditLogService.js                 |  95.12 |    75.00 |  100.00 | 18-19
ℹ    businessMasterErrors.js                          |  81.25 |   100.00 |   80.00 | 19-24
ℹ    businessMasterFactory.js                         | 100.00 |    92.31 |  100.00 | 
ℹ    BusinessMasterImpactRegistry.js                  |  95.08 |    81.82 |   94.44 | 51-52 54-55 96-97
ℹ    BusinessMasterProvider.js                        |  97.70 |    86.84 |  100.00 | 67-68
ℹ    BusinessMasterReadinessService.js                |  96.55 |    66.67 |  100.00 | 38-39
ℹ    BusinessMasterRepository.js                      |  91.54 |    57.45 |   93.33 | 52 98-99 165-178
ℹ    businessMasterRules.js                           |  94.78 |    88.24 |  100.00 | 10-11 17-18 21-22
ℹ    BusinessMasterService.js                         | 100.00 |   100.00 |  100.00 | 
ℹ    iso4217Snapshot.js                               | 100.00 |   100.00 |  100.00 | 
ℹ   customer                                          |        |          |         | 
ℹ    CustomerApprovalService.js                       |  74.55 |    56.82 |   79.41 | 20-22 24-33 35-39 54-55 111-112 138-139 157-158 168-169 171-172 174-175 198-223 226-252 255-267 290-292 331-333 368-369 409-410 423-424 430-431
ℹ    CustomerAttachmentAccessToken.js                 | 100.00 |    55.17 |  100.00 | 
ℹ    CustomerAttachmentService.js                     |  90.21 |    61.93 |   90.20 | 17-18 27-28 31-32 45-46 50-51 99-100 160-172 189-193 211-212 221-222 252-253 329-330 355-356 389-390 407-408 423-428 470-471 509-510 555-556 644-651
ℹ    CustomerAuditLogService.js                       |  97.93 |    85.71 |  100.00 | 167-168 170-171
ℹ    CustomerBankCrypto.js                            |  96.63 |    76.67 |  100.00 | 62-63 66-67 163-164
ℹ    CustomerBankMaintenanceService.js                |  96.77 |    62.50 |  100.00 | 7-8 21-22
ℹ    CustomerBankService.js                           |  95.96 |    65.05 |  100.00 | 72-73 126-127 173-174 231-235 382-386
ℹ    CustomerBusinessMasterImpactChecker.js           | 100.00 |    70.00 |  100.00 | 
ℹ    CustomerCatalogService.js                        |  93.19 |    61.90 |   93.33 | 28-29 39-40 70-72 117-119 151-153
ℹ    CustomerCreditService.js                         |  98.61 |    79.27 |  100.00 | 89-90
ℹ    customerErrors.js                                |  94.32 |   100.00 |   85.71 | 129-130 133-134 137-138 149-152
ℹ    CustomerExportService.js                         |  88.22 |    74.07 |  100.00 | 58-59 99-109 124-126 130-131 134-140 145-147 165-166 199-203 222-223 232 250-251 262-263 291-293 305-306
ℹ    CustomerImportService.js                         |  96.81 |    81.69 |  100.00 | 441-442 451-453 463-464 467-468 479-481 535-536 579-587
ℹ    CustomerLookupService.js                         |  99.60 |    79.37 |  100.00 | 205
ℹ    customerNormalization.js                         |  96.43 |    93.75 |  100.00 | 69-70 96-97
ℹ    CustomerOperationService.js                      |  97.94 |    78.57 |  100.00 | 44-45
ℹ    CustomerPartyService.js                          |  99.65 |    82.95 |  100.00 | 114
ℹ    customerPermissions.js                           | 100.00 |   100.00 |  100.00 | 
ℹ    customerProjections.js                           | 100.00 |    92.31 |  100.00 | 
ℹ    CustomerReferenceProviderRegistry.js             | 100.00 |    92.86 |   93.33 | 
ℹ    CustomerService.js                               |  94.34 |    72.53 |   96.92 | 53-54 93 213-214 252-257 610-611 641-642 692-705 715-716 727-728 767-769 772-777 791-792 805-806 813-814 937-941 945-946
ℹ    CustomerSettingsService.js                       |  96.99 |    75.68 |  100.00 | 35-36 88-89
ℹ    import                                           |        |          |         | 
ℹ     customerCsvSchema.js                            | 100.00 |    92.86 |  100.00 | 
ℹ     CustomerImportProcessor.js                      | 100.00 |    94.75 |  100.00 | 
ℹ    normalizeCustomerConfig.js                       |  93.55 |    89.89 |  100.00 | 24-25 28-29 34-35 49-50 128-129
ℹ   inventory                                         |        |          |         | 
ℹ    InventoryAuditService.js                         |  98.51 |    95.45 |  100.00 | 129-130
ℹ    inventoryConstants.js                            | 100.00 |   100.00 |  100.00 | 
ℹ    inventoryErrors.js                               | 100.00 |   100.00 |  100.00 | 
ℹ    InventoryInquiryService.js                       |  98.45 |    75.96 |   97.06 | 295-296 326-328 527-529 574-575
ℹ    InventoryLockService.js                          |  96.36 |    82.98 |   97.44 | 22-23 27-29 112-113 244-245
ℹ    InventoryMasterService.js                        |  75.90 |    67.48 |   87.27 | 28-29 38-39 80-81 84-85 89-90 136-148 154-155 172-174 189-210 229-231 305-313 326-327 341-349 374-379 388-418 429-454 504-514 651-663
ℹ    InventoryOperationService.js                     |  93.64 |    67.86 |  100.00 | 27-28 34-35 43 53-54 68-69 73-74
ℹ    InventoryPickSequenceService.js                  |  99.24 |    98.77 |  100.00 | 22
ℹ    InventoryPostingService.js                       |  95.00 |    75.39 |  100.00 | 71-72 86-87 96-97 120-121 133-134 144-145 200-201 278-279 337-338 365-366 388-389 431-432 437-438 445-446 448-449 508-509 605-606 632-633 639-640 747-748
ℹ    inventoryProjections.js                          | 100.00 |    78.85 |  100.00 | 
ℹ    InventoryReservationService.js                   |  91.73 |    73.78 |   97.94 | 64-65 72-73 77-99 188-189 353-354 380-381 387-388 396-397 405-406 409-410 465-466 508-509 513-514 517-518 523-524 545-546 642-643 671-672 675-676 698-699 702-703 706-707 712-713 737-738 856-857 864-865 899-900 928-929 955-956 966-967 977-978 985-986
ℹ    inventorySafeJson.js                             |  90.91 |    90.63 |  100.00 | 21-22 34-35
ℹ    inventoryValidation.js                           |  96.07 |    89.13 |  100.00 | 49-50 105-106 112-113 159-160 196-197 281-282
ℹ    normalizeInventoryConfig.js                      | 100.00 |   100.00 |  100.00 | 
ℹ   item                                              |        |          |         | 
ℹ    barcodeValidation.js                             | 100.00 |    95.00 |  100.00 | 
ℹ    csvSafety.js                                     | 100.00 |   100.00 |  100.00 | 
ℹ    import                                           |        |          |         | 
ℹ     itemCsvSchema.js                                | 100.00 |   100.00 |  100.00 | 
ℹ     ItemImportAggregateService.js                   |  90.76 |    43.90 |  100.00 | 28-29 39-40 127-128 168-169 171-172 194-199 206-208 215-217
ℹ     ItemImportProcessor.js                          |  98.16 |    93.48 |  100.00 | 64-65 149 249 271 323 335
ℹ    ItemAdminService.js                              |  92.17 |    73.91 |   99.15 | 115-116 310-311 437-438 440-441 443-444 446-447 449-450 452-453 455-456 458-459 527-528 600-601 666-667 740-741 765-766 768-769 789-797 1007-1008 1026-1027 1058-1059 1065-1066 1191-1192 1197-1198 1211-1219 1264-1265 1296-1297 1299-1300 1302-1303 1419-1420 1438-1443 1469-1470 1484-1485 1488-1493 1523-1524 1544-1545 1580-1581 1624-1625 1781-1782 1824-1825 1835-1836 1845-1849 1890-1891 1893-1894 1896-1897 1987-1988 2054-2055 2250-2251 2396-2462 2468 2470-2478 2490-2498 2500 2541-2543 2545-2547 2549-2550 2662-2664 2670-2672 2680-2682 2684-2686 2690-2698 2916
ℹ    ItemAuditLogService.js                           | 100.00 |    82.00 |   87.50 | 
ℹ    ItemCatalogService.js                            |  95.38 |    82.78 |   97.48 | 266-270 464-465 548-549 570-571 703-704 758-762 848-849 992-993 1119-1120 1123-1128 1166-1170 1279-1281 1283-1285 1289-1292 1391-1392 1405-1409 1485-1489 1536-1537 1560-1564 1588-1592 1601-1602 1604-1605 1653-1657 1660-1661 1685-1686 1689-1691 1862-1866 1931-1932
ℹ    itemConstants.js                                 | 100.00 |   100.00 |  100.00 | 
ℹ    itemErrors.js                                    |  96.29 |   100.00 |   93.55 | 464-468 487-491 498-502 526-530
ℹ    ItemImportService.js                             |  97.19 |    84.26 |  100.00 | 42-43 138-141 170-171 290-291 399-400 405-406 587-589 628-629
ℹ    ItemLookupService.js                             |  98.71 |    91.18 |  100.00 | 134-135 192-193
ℹ    ItemMediaService.js                              |  90.86 |    65.00 |  100.00 | 37-38 40-41 43-44 76-77 163-164 172-177 194-195 225-230 300-301 313-314 316-317 330-331
ℹ    itemRecoveryAcceptance.js                        |  88.43 |    70.14 |   96.15 | 59-60 62-63 72-73 76-77 79-80 82-83 119-120 125-126 128-129 160-161 167-168 170-171 173-174 178-179 193-194 205-206 213-214 217-218 226-227 230-231 288-289
ℹ    itemValidation.js                                | 100.00 |    94.64 |  100.00 | 
ℹ    normalizeItemConfig.js                           | 100.00 |    78.13 |  100.00 | 
ℹ    variantSignature.js                              | 100.00 |   100.00 |  100.00 | 
ℹ   role                                              |        |          |         | 
ℹ    RoleAdminService.js                              |  98.32 |    85.33 |  100.00 | 136-137 173-174 324-325
ℹ   supplier                                          |        |          |         | 
ℹ    bankKeyRotation.js                               |  99.44 |    95.00 |  100.00 | 255-256
ℹ    normalizeSupplierConfig.js                       |  89.74 |    88.14 |  100.00 | 38-39 43-44 50-51 65-66 76-77 92-93
ℹ    providers                                        |        |          |         | 
ℹ     BusinessMasterLookupProvider.js                 |  97.30 |    94.12 |  100.00 | 17-18
ℹ    SupplierAddressService.js                        |  87.01 |    61.11 |  100.00 | 12-13 16-17 21-22 72-73 129-142 147
ℹ    SupplierAdminService.js                          |  95.63 |    80.31 |   95.56 | 129-130 274-275 295-296 413-414 509-510 628-629 679-680 685-687 689-694 696-698 700-702 772-776 779-782
ℹ    SupplierApprovalService.js                       |  98.85 |    85.42 |  100.00 | 169-170 528-529 641-642 661-662
ℹ    SupplierAuditLogService.js                       |  86.11 |    63.64 |   90.00 | 27-28 35-43 49-50 59-60
ℹ    SupplierBankCrypto.js                            |  99.41 |    96.72 |  100.00 | 308-309
ℹ    SupplierBankService.js                           |  97.72 |    86.79 |  100.00 | 55-56 93-94 96-97 120-121 442-443 488-489 531-532
ℹ    SupplierBusinessMasterImpactChecker.js           |  97.73 |    86.96 |  100.00 | 34-35
ℹ    supplierConstants.js                             | 100.00 |   100.00 |  100.00 | 
ℹ    SupplierContactService.js                        |  88.60 |    66.67 |  100.00 | 20-21 36-37 40-41 90-91 146-158 163
ℹ    supplierDuplicateCandidates.js                   | 100.00 |    85.29 |  100.00 | 
ℹ    supplierErrors.js                                | 100.00 |    91.67 |  100.00 | 
ℹ    SupplierIdentifierService.js                     |  98.25 |    75.00 |  100.00 | 138-139 196-197
ℹ    SupplierImportService.js                         | 100.00 |    90.54 |  100.00 | 
ℹ    SupplierLookupService.js                         |  98.92 |    91.80 |  100.00 | 27-28
ℹ    supplierNormalization.js                         |  94.83 |    82.35 |  100.00 | 46-47 50-51 89-90
ℹ    supplierProjections.js                           | 100.00 |    87.50 |  100.00 | 
ℹ    SupplierProviderServices.js                      |  98.46 |    87.50 |  100.00 | 79-80
ℹ    SupplierReferenceService.js                      |  92.59 |    93.33 |  100.00 | 8-9
ℹ    SupplierSettingsService.js                       |  97.74 |    91.30 |  100.00 | 35-36 105-106
ℹ    supplierStateMachine.js                          |  93.55 |    90.91 |  100.00 | 15-16
ℹ    supplierValidation.js                            |  97.22 |    95.00 |  100.00 | 21-22
ℹ   user                                              |        |          |         | 
ℹ    passwordHash.js                                  | 100.00 |   100.00 |  100.00 | 
ℹ    passwordPolicy.js                                | 100.00 |    91.67 |  100.00 | 
ℹ    UserAdminService.js                              |  98.72 |    87.50 |   97.92 | 144-146 190-191 250-251 621-622
ℹ    UserService.js                                   |  99.28 |    95.12 |  100.00 | 58-59
ℹ  services                                           |        |          |         | 
ℹ   auth                                              |        |          |         | 
ℹ    jwtAuthStrategy.js                               | 100.00 |   100.00 |  100.00 | 
ℹ    jwtDeviceAuthStrategy.js                         | 100.00 |   100.00 |  100.00 | 
ℹ    jwtDevicePasswordAuthStrategy.js                 | 100.00 |   100.00 |  100.00 | 
ℹ    jwtPasswordAuthStrategy.js                       | 100.00 |   100.00 |  100.00 | 
ℹ    JwtService.js                                    | 100.00 |   100.00 |  100.00 | 
ℹ    passwordChangeGate.js                            | 100.00 |   100.00 |  100.00 | 
ℹ    passwordReauth.js                                | 100.00 |   100.00 |  100.00 | 
ℹ    publicAuthStrategy.js                            | 100.00 |   100.00 |  100.00 | 
ℹ   authorization                                     |        |          |         | 
ℹ    PermissionCatalogueService.js                    |  98.25 |    95.00 |  100.00 | 109-110
ℹ   context                                           |        |          |         | 
ℹ    RequestContextService.js                         |  87.88 |    76.92 |   85.71 | 48-55
ℹ   customerFile                                      |        |          |         | 
ℹ    ClamdScanner.js                                  |  96.55 |    68.42 |   80.00 | 15-16
ℹ    CustomerAttachmentRecoveryJob.js                 |  71.15 |    55.56 |  100.00 | 29-33 41-50
ℹ    CustomerAttachmentStorage.js                     |  88.94 |    69.66 |  100.00 | 24-25 45-46 55-56 73-76 82-83 102-103 111 133-134 147-148 155-156 181-183 212-213
ℹ   customerImport                                    |        |          |         | 
ℹ    CustomerImportStorage.js                         |  94.08 |    74.32 |   91.67 | 13-14 47-48 61-62 160-163
ℹ    CustomerImportWorkerService.js                   |  92.21 |    77.27 |   85.71 | 43-47 67
ℹ    jobs                                             |        |          |         | 
ℹ     precheckCustomerImportJob.js                    |  91.67 |    80.00 |  100.00 | 20-21
ℹ   deviceBinding                                     |        |          |         | 
ℹ    DeviceBindingService.js                          |  98.95 |    84.78 |  100.00 | 131-132 243-246
ℹ    deviceSignatureRequest.js                        |  94.96 |    91.67 |  100.00 | 40-46
ℹ    jobs                                             |        |          |         | 
ℹ     DeviceBindingPurgeJob.js                        |  93.33 |   100.00 |   60.00 | 54-55 58-59
ℹ    normalizeDeviceBindingConfig.js                  | 100.00 |   100.00 |  100.00 | 
ℹ   filetype                                          |        |          |         | 
ℹ    builtInFileTypes.js                              |  98.55 |   100.00 |   81.82 | 43-44
ℹ    FileTypeService.js                               |  98.78 |    78.38 |  100.00 | 148-149
ℹ   idempotency                                       |        |          |         | 
ℹ    IdempotencyService.js                            |  98.69 |    89.47 |  100.00 | 122-125 427-428
ℹ    IdempotencyStore.js                              |  99.19 |   100.00 |   94.12 | 60-61
ℹ    jobs                                             |        |          |         | 
ℹ     IdempotencyPurgeJob.js                          | 100.00 |   100.00 |  100.00 | 
ℹ    MySqlIdempotencyStore.js                         | 100.00 |    90.38 |  100.00 | 
ℹ    normalizeIdempotencyConfig.js                    | 100.00 |    93.94 |  100.00 | 
ℹ   itemImport                                        |        |          |         | 
ℹ    ItemImportFileCleanupJob.js                      |  97.78 |    90.63 |  100.00 | 144-145 165-166
ℹ    ItemImportWorkerService.js                       | 100.00 |   100.00 |  100.00 | 
ℹ    jobs                                             |        |          |         | 
ℹ     executeItemImportJob.js                         |  98.52 |    92.31 |  100.00 | 65-66
ℹ     validateItemImportJob.js                        | 100.00 |    75.00 |  100.00 | 
ℹ   itemMedia                                         |        |          |         | 
ℹ    ItemMediaCleanupJob.js                           |  94.81 |    70.83 |  100.00 | 77 86-87 97-99 134-135
ℹ   logging                                           |        |          |         | 
ℹ    fileLogWriter.js                                 |  93.91 |    91.30 |   96.00 | 35-36 78-85 92-94 106-111 319-320
ℹ    jobs                                             |        |          |         | 
ℹ     LogRetentionJob.js                              | 100.00 |   100.00 |  100.00 | 
ℹ    Logger.js                                        |  90.74 |    75.00 |   90.91 | 23-24 51-52 55-56 71-72 86-87
ℹ    LoggerRegistry.js                                |  92.00 |    85.71 |  100.00 | 6-7 14-15
ℹ    LoggingService.js                                |  91.30 |   100.00 |   60.00 | 31-32 36-37
ℹ    logValue.js                                      |  78.95 |    76.00 |  100.00 | 18-19 22-23 26-27 30-31 34-35 38-39
ℹ    normalizeLoggingConfig.js                        |  86.85 |    80.00 |  100.00 | 9-10 19-20 52-55 68-71 105-108 111-114 189-190 196-197 203-204 207-208
ℹ    redactUrl.js                                     | 100.00 |    90.91 |  100.00 | 
ℹ    renderLogEntry.js                                | 100.00 |   100.00 |  100.00 | 
ℹ    systemLogger.js                                  |  83.33 |    71.43 |   87.50 | 20-21 33-38 58-59
ℹ   mysqldatabase                                     |        |          |         | 
ℹ    connection.js                                    |  83.72 |   100.00 |   66.67 | 37-43
ℹ    missingTableError.js                             | 100.00 |   100.00 |  100.00 | 
ℹ    MySqlDatabaseService.js                          |  98.70 |    91.62 |  100.00 | 128-129 143-144 361-362 495-496
ℹ   requestLimiter                                    |        |          |         | 
ℹ    clientKey.js                                     | 100.00 |    93.75 |  100.00 | 
ℹ    jobs                                             |        |          |         | 
ℹ     RateLimitPurgeJob.js                            | 100.00 |   100.00 |  100.00 | 
ℹ    normalizeRequestLimiterConfig.js                 |  89.83 |    87.80 |  100.00 | 27-30 51-52 69-70 73-74 77-78
ℹ    RateLimitStore.js                                |  99.26 |    97.14 |  100.00 | 219-220
ℹ    RequestLimiterService.js                         |  88.97 |    84.21 |   76.09 | 70-71 78-79 107-108 150-173 266-278 281-283 392-393 399-409 439-440 452-453 489-491 573-574 587-588 663-664 683-686
ℹ   scheduler                                         |        |          |         | 
ℹ    JobLeaseStore.js                                 | 100.00 |   100.00 |  100.00 | 
ℹ    jobs                                             |        |          |         | 
ℹ     JobStatsFlushJob.js                             | 100.00 |    95.24 |  100.00 | 
ℹ    JobStatsStore.js                                 | 100.00 |    94.12 |  100.00 | 
ℹ    normalizeJobDefinition.js                        |  93.02 |    80.77 |  100.00 | 26-27 38-39 56-57
ℹ    normalizeSchedulerConfig.js                      |  92.31 |    86.84 |  100.00 | 30-31 45-46 56-57 98-99 104-105
ℹ    SchedulerService.js                              |  97.68 |    93.94 |   94.12 | 136-137 188-189 236-237 462-467
ℹ   supplierImport                                    |        |          |         | 
ℹ    supplierImportFiles.js                           |  98.48 |    91.67 |  100.00 | 123-124
ℹ    SupplierImportWorkerService.js                   |  98.84 |    90.48 |  100.00 | 82
ℹ   time                                              |        |          |         | 
ℹ    SystemTimeService.js                             |  95.65 |    90.91 |  100.00 | 23-24
ℹ    timeFormat.js                                    |  96.72 |    85.71 |  100.00 | 17-18
ℹ   tokenRevocation                                   |        |          |         | 
ℹ    jobs                                             |        |          |         | 
ℹ     TokenRevocationRefreshJob.js                    | 100.00 |    90.91 |  100.00 | 
ℹ    normalizeTokenRevocationConfig.js                | 100.00 |   100.00 |  100.00 | 
ℹ    TokenRevocationService.js                        | 100.00 |   100.00 |  100.00 | 
ℹ test-support                                        |        |          |         | 
ℹ  createTestTime.js                                  |  91.67 |    83.33 |  100.00 | 20-21
ℹ  fakeInventoryDatabase.js                           |  94.87 |    80.95 |   81.82 | 18-19 60-61
ℹ  fakeItemCatalogDatabase.js                         |  96.51 |    93.46 |   90.16 | 152-155 284-287 379-380 392-393 637-646 677-678
ℹ  fakeMySqlPool.js                                   |  98.75 |    76.47 |   66.67 | 63
ℹ  inventoryFixtures.js                               | 100.00 |   100.00 |  100.00 | 
ℹ  itemPerformanceFixtures.js                         | 100.00 |    96.15 |  100.00 | 
ℹ  schedulerHarness.js                                | 100.00 |   100.00 |   78.13 | 
ℹ  testDevice.js                                      | 100.00 |   100.00 |  100.00 | 
ℹ  testEnv.js                                         | 100.00 |   100.00 |  100.00 | 
ℹ ---------------------------------------------------------------------------------------------------------------------------------------------------------------------------------------------------------------------------------------------------------------------------------------------------------------------------------------------------------------------------------------------------------------------------------------------------------------------------------------------------------------------------------------------------------------------------------------------------------------------------------------------------------------------
ℹ all files                                           |  93.64 |    83.00 |   91.87 | 
ℹ ---------------------------------------------------------------------------------------------------------------------------------------------------------------------------------------------------------------------------------------------------------------------------------------------------------------------------------------------------------------------------------------------------------------------------------------------------------------------------------------------------------------------------------------------------------------------------------------------------------------------------------------------------------------------
ℹ end of coverage report
Per-file coverage floors met for 34 high-risk files.
